"favorite_key","favorite_name","region","counties","scenario","source_type","system_or_category","sites_or_coverage","departments_or_channels","mode","monitorability","upgrade_required","source_url","notes"
"FL01","WA SAR & Mutual Aid","Statewide","All 39 counties","Public safety/SAR","conventional","WA SAR Net + LERN/FIRECOM/OSCCR/HEAR","Statewide, no location control","SAR1-5 155.160/155.2425/155.3025/155.1675/155.1825; LERN 155.370; FIRECOM/REDNET 153.830; OSCCR 156.135; HEAR 155.340; State Fire Tac 154.280","FM","Full - unencrypted","None","https://mil.wa.gov/asset/610b02188b53e","Always-on priority channels; core statewide SAR net"
"FL02","Nationwide Interop + WA STATEOPS","Statewide","All 39 counties","Interop","conventional FM/P25","NIFOG VCALL/VTAC + UCALL/UTAC + 7CALL/7TAC + 8CALL/8TAC + WA STATEOPS","Statewide receive/output and direct frequencies","VCALL10 155.7525;VTAC11-14 151.1375/154.4525/158.7375/159.4725;UCALL40 453.2125;UTAC41-43 453.4625/453.7125/453.8625;7CALL50 769.24375;7TAC51-54 769.14375/769.64375/770.14375/770.64375(P25);8CALL90 851.0125;8TAC91-94 851.5125/852.0125/852.5125/853.0125;STATEOPS1-5 852.5375/852.5625/852.5875/852.6125/852.6375 (PL156.7)","FM/NFM + P25","Full - calling channels unencrypted; tactical per NIFOG rules","None","https://mil.wa.gov/asset/6a1eeab054e7c/Washington-Field-Operations-Guide_FOG_1.10.pdf","Current post-rebanding NIFOG and WAFOG receive/output frequencies; old 866-868 MHz assignments are obsolete"
"FL03","WA CEMNET/EM Nets","Statewide","All 39 counties","Emergency management","conventional","CEMNET low-band VHF","Statewide, best in rural/mountainous terrain","CEMNET-1/2/3 45.200/45.360/45.480 (PL 127.3); CMD 46.520; RADEF 46.000","FM","Full - unencrypted, rare traffic","None","https://mil.wa.gov/asset/610097d704789","Low-band VHF (25-50MHz); active mainly during exercises/declared emergencies"
"FL04","WA State Patrol (WSP)","Statewide","All 39 counties","Public safety","trunked P25 Phase II","WSP SID 7971 (SysID 9CC, WACN BEE00)","Districts 1,2,4,6,7 statewide sites","District dispatch (D1 Pierce,D2 King,D4 Spokane/SE,D6 Wenatchee/Central,D7 Snohomish/NW); tactical/car-to-car","P25 Phase II","Dispatch mostly clear; some tactical encrypted","None (P25 native)","https://www.radioreference.com/db/sid/7971","Import full system via Sentinel; filter sites to travel region"
"FL05","WSDOT P25","Statewide","All 39 counties","Transportation","trunked P25 Phase II","WSDOT SID 10705 (WACN C7D5A)","NW/SW/NC/SC regions, statewide sites","Regional maintenance/ops; DOC transport patch; WSF interop patch to 151MHz","P25 Phase II","Full - generally clear","None (P25 native)","https://www.radioreference.com/db/sid/10705","Import full system; select regional talkgroup categories"
"FL06","WA DNR Wildfire","Statewide","All 39 counties","Wildfire","conventional","DNR statewide + regional repeaters","Statewide repeater network, seasonal (Jun-Oct peak)","DNR Main 159.420 (CSQ); DNR Common 151.415 (PL103.5); DNR Regional1-10 159.4125/159.4275/159.240/159.330/159.375/159.3675/159.315/159.435/159.450/159.345; AirGround1-7 151.310/151.340/151.385/151.2125/159.270/151.2875/156.0225","FM","Full - unencrypted","None","https://dnr.wa.gov/sites/default/files/2025-03/rp_fire_radio_channel_guide.pdf","Cooperators' detailed guide not public; request via radio@dnr.wa.gov"
"FL07","NIFC Federal Wildfire","Statewide (incident-deployed)","All 39 counties","Wildfire","conventional","National interagency wildfire cache (NIRSC)","Deployed to active incidents statewide","Air Guard 168.625 (mandatory); Command1-8 170.975/170.450/170.425/170.000/169.750/168.475/169.5375/170.0125; Air Tac1-5 166.6125/167.950/168.400/169.150/169.200; Flight Following 168.650; ICP 168.550; Region 6 Project Fire 170.125 (PL146.2)","FM","Full for cache freqs; incident freqs not public","None","https://www.nifc.gov/sites/default/files/NIICD/docs/2024_NIRSC_User_Guide_Webview.pdf","ICS-205 incident-specific frequencies are not published in advance"
"FL08","Justice Integrated Wireless Network (JIWN)","Statewide","Multi-county (King,Pierce,Thurston,Skagit,Lewis,Spokane,Yakima,Benton,Adams)","Federal law enforcement","trunked P25 Phase II","JIWN SID 3509 (WACN BEE0A)","Sites across King/Pierce/Thurston/Skagit/Lewis/Spokane/Yakima/Benton/Adams","FBI/HSI/ICE/CBP/US Marshals/FPS operations","P25 Phase II","Encrypted - nearly all TGs","None (P25 native)","https://www.radioreference.com/db/sid/3509","Import for affiliate visibility only; expect no audio"
"FL09a","Metro-King PSERN Fire/EMS/Transit","Western WA","King","Public safety","trunked P25 Phase II","PSERN SID 11628 (SysID 3AB)","Multi-site simulcast: Seattle/Eastside core, NE King, Seattle perimeter, South King, Mercer Island","Seattle Fire (SFD1-6); Fire Tactical; NORCOM Fire; ValleyCom Fire; Sound Transit ops/admin; KC Metro Transit ops; Public Works","P25 Phase II","Clear - fire/EMS/transit-ops/public-works","None (P25 native)","https://www.radioreference.com/db/sid/11628","Import whole system via Sentinel; GPS auto-affiliates sites"
"FL09b","Metro-King PSERN Law Enforcement","Western WA","King","Public safety","trunked P25 Phase II","PSERN SID 11628","Same PSERN sites as FL09a","SPD dispatch/tac; KCSO dispatch/tac; all municipal PD dispatch","P25 Phase II","Encrypted - all law enforcement","None (P25 native)","https://www.radioreference.com/db/sid/11628","Group in DQK0 [E]-ENCRYPTED and avoid; no audio expected"
"FL10","Metro-Snohomish Sno911","Western WA","Snohomish","Public safety","trunked P25 Phase II","Sno911 SID 13041 (SysID 3AA)","South Simulcast, North Simulcast, Index, Skykomish, Darrington","Fire dispatch by area + Fire Tac1-3+; Sheriff SAR TG101 (unencrypted); Interop IO-02 to IO-15; Sheriff dispatch/tac + municipal PD","P25 Phase II","Fire/EMS/SAR clear; law enforcement encrypted","None (P25 native)","https://www.radioreference.com/db/sid/13041","SAR TG101 explicitly unencrypted - notable exception"
"FL11","Metro-Pierce SS911/PSRS","Western WA","Pierce","Public safety","trunked P25 Phase II","SS911 SID 5480 + PSRS SID 8203","SS911: Tacoma/Orting/South/West Seattle border/Buckley","Central Pierce Fire & Rescue dispatch; district Fire TGs; PCSO dispatch(mixed)/tactical(enc); Tacoma PD(enc); Bonney Lake/Buckley PD(enc)","P25 Phase II","Fire/EMS clear; law trending encrypted","None (P25 native)","https://www.radioreference.com/db/sid/5480","Import both SIDs; Orting/Buckley PD dispatch on PCSO West TG40107"
"FL12","SW-WA Clark/Skamania CRESA","Western WA","Clark, Skamania","Public safety","trunked P25 Phase II","CRESA 911 SID 9025 (SysID 860)","Washougal River, Rainier Hill, Cascade Locks, Nicolai Mtn, Speelyai, Skamania Mtn","Clark Co Fire dispatch; Fire Ops50-59; Camas-Washougal Fire Tac; REDNET; AMR EMS dispatch; CCSO/Vancouver PD/all municipal PD","P25 Phase II","Fire/EMS clear; 100% law enforcement encrypted","None (P25 native)","https://www.radioreference.com/db/sid/9025","Total LE blackout as of 2025; Skamania also receives WSP + Oregon State Radio Project"
"FL13","Thurston/Mason TCERN + conventional","Western WA","Thurston, Mason","Public safety","trunked P25 Phase II + conventional","TCERN SID 12945 (SysID AFD) + Mason conventional","North Thurston, South Thurston, SE County simulcast sites","Thurston Fire/EMS(verify); Thurston Sheriff(likely enc); Mason Sheriff 460.225/460.5125; Mason Fire Dist5 154.190; REDNET 153.830","P25 Phase II + FM","Verify per-TG; Mason conventional mostly clear","None (P25 native)","https://www.radioreference.com/db/sid/12945","Encryption breakdown not fully published for TCERN"
"FL14","Kitsap/Jefferson Kitsap 911","Western WA","Kitsap, Jefferson","Public safety","trunked P25 Phase II + conventional","Kitsap 911 SID 13277 (SysID C5F, WACN 92A97) + Jefferson conventional","Simulcast (Kitsap), Port Ludlow (N Jefferson/Hood Canal)","Fire/EMS(likely clear); Sheriff/Bremerton PD/Port Orchard PD(likely enc); Kitsap Transit DMR(clear,upgrade req.); Jefferson Sheriff 453.575; Brinnon Fire 154.0925; Olympic Ambulance EMS 462.950","P25 Phase II + DMR + FM","Newer system - verify per-TG","DMR upgrade for Kitsap Transit","https://www.radioreference.com/db/sid/13277","Recent P25 cutover; encryption breakdown not fully verified"
"FL15","Boeing/Port of Seattle P25","Western WA","King","Industrial/port","trunked P25 Phase I/II","Boeing SID 7665 + Port of Seattle SID 11481","Boeing: Renton/Seattle/Auburn/Puyallup-Fredrickson/Sea-Tac/Everett","Boeing business/maintenance(clear); Boeing security(likely enc); Port of Seattle police/fire/maintenance","P25 Phase I/II","Ops/maint clear; security likely encrypted","None (P25 native)","https://www.radioreference.com/db/sid/7665","Not public safety - industrial/facility monitoring"
"FL16","NW-WA Skagit/Island/San Juan","Western WA","Skagit, Island, San Juan","Public safety","conventional","County conventional (no countywide trunked)","Three independent counties","Skagit Sheriff 155.8425/453.400(P25); Fire 154.430/154.265; Island Sheriff 453.050; Oak Harbor PD 460.575; San Juan SJCSO 453.250; Orcas/SJI/Lopez Fire","FM + some P25 conventional","Full - unencrypted","None","https://www.radioreference.com/db/browse/ctid/2986","JIWN and WSDOT P25 pass through but no local trunked network"
"FL17","Whatcom County","Western WA","Whatcom","Public safety","conventional + trunked NXDN","County conventional + WTA NXDN SID 2704","No single countywide P25 network as of research date","Sheriff/Bellingham PD shared 453.325; Sheriff rural 155.610; Bellingham PD tac 154.025; countywide fire 154.430; WTA transit NXDN","FM + NXDN","Public safety clear; WTA transit needs NXDN upgrade","NXDN upgrade for WTA","https://www.radioreference.com/db/browse/ctid/2994","Legacy LTR system (SID2704) migrated to NXDN, now transit-only"
"FL18","Olympic Peninsula Clallam County","Western WA","Clallam","Public safety","conventional","County conventional (no countywide trunked)","Port Angeles/Sequim/Forks/La Push area","Sheriff/Forks/La Push West Disp 453.375; East Tac 453.275; Sequim PD 453.300; Port Angeles PD 460.100; Fire Dist2 155.820; Sequim Fire 155.7825","FM","Full - unencrypted","None","https://www.radioreference.com/db/browse/ctid/2962","Wiztronics NXDN entries are private/utility, not public safety"
"FL19","SW-Rural Lewis/GraysHarbor/Pacific/Wahkiakum/Cowlitz","Western WA","Lewis, Grays Harbor, Pacific, Wahkiakum, Cowlitz","Public safety","conventional + NXDN","5 independent county conventional systems","No countywide P25 trunked system in any of the five","Lewis Sheriff 155.625/Fire154.190; Grays Harbor Sheriff154.725/155.565; Pacific Sheriff460.075/460.225; Wahkiakum Sheriff150.8525+P25tac154.800; Cowlitz Sheriff154.815/Fire154.235+NXDN","FM + NXDN + P25 conventional","Full - unencrypted","NXDN upgrade for Cowlitz Fire digital ch.","https://www.radioreference.com/db/browse/ctid/2965","Cowlitz Fire uses NXDN48 RAN42 patched channels 154.3175/154.1825"
"FL20a","Spokane Regional SREC Fire/EMS/Law-Disp","Eastern WA","Spokane","Public safety","trunked P25 Phase I","SREC SID 6690 (SysID 447, WACN BEE00)","11 sites: Simulcast,EWU,Tekoa,Williams Lake,Booth,Coe Road,Scoop,Hoodoo,Mt.Spokane,Upper Mica,Jail","Law dispatch(SPD North/South,SCSO North2/Valley1); Fire dispatch/ops; mutual aid SRMA1-4","P25 Phase I","Clear - law dispatch, fire, EMS, mutual aid","None (P25 native)","https://www.radioreference.com/db/sid/6690","Deprecated SID 8853 - do not use; use 6690"
"FL20b","Spokane Regional SREC Law Tactical","Eastern WA","Spokane","Public safety","trunked P25 Phase I","SREC SID 6690","Same 11 sites as FL20a","SPD Tac4; LOPS11-15; INV1-4 investigations","P25 Phase I","Encrypted - law tactical/investigations","None (P25 native)","https://www.radioreference.com/db/sid/6690","Cannot be decoded"
"FL21","Tri-Cities Benton/Franklin 800","Eastern WA","Benton, Franklin","Public safety","trunked P25 Phase I","Benton Co 800 SID 6768 (SysID 34A)","Simulcast + Golgotha Butte IR","Fire dispatch/Med Ops3-5(clear); Med Ops6(enc); Sheriff dispatch(clear)/warrant-tac(verify); Hanford/DOE(likely enc)","P25 Phase I","Fire/EMS/Law dispatch clear; Med Ops6 + Hanford encrypted","None (P25 native)","https://www.radioreference.com/db/sid/6768","Energy Northwest nuclear facility expected encrypted"
"FL22","Yakima Valley Yakima/Kittitas","Eastern WA","Yakima, Kittitas","Public safety","conventional + NXDN migration","County conventional, no countywide trunked P25","YCOM/Kittitas dispatch centers","Yakima Fire154.2575/155.0325;Sheriff154.1375/155.730;AMR/ALS155.220/155.400;NXDN ALS153.620(RAN14); Kittitas Fire154.205;Sheriff155.5575","FM + NXDN48","Mostly clear analog; NXDN ALS dispatch verify","NXDN upgrade for YCSO ALS dispatch","https://www.radioreference.com/db/browse/ctid/2996","YCSO mid-migration to NXDN; also carries Justice IWN, WSDOT P25, WSP D6"
"FL23","Wenatchee/RiverCom Chelan/Douglas","Eastern WA","Chelan, Douglas","Public safety","conventional","RiverCom 911 consolidated dispatch, no countywide P25","Wenatchee metro, Lake Chelan corridor","Fire1/2 dispatch154.430/155.685(shared); Tac colors Gold/Silver/Grey/Orange/Green; Chelan law disp155.625; Douglas law disp155.415","FM","Full - unencrypted","None","https://www.radioreference.com/db/browse/ctid/2961","Also carries WSDOT P25 (Blag Mtn/Burch Mtn) and WSP D6"
"FL24","Okanogan County","Eastern WA","Okanogan","Public safety","conventional","County conventional multi-zone, no countywide trunked","4 sheriff geographic zones","Sheriff Omak/mid-valley155.730; Oroville/Tonasket155.640; Brewster/Pateros156.240; Twisp/Winthrop155.190; Tac dual P25 153.7475; Fire OCFD154.415","FM + P25 conventional","Full - unencrypted","None","https://www.radioreference.com/db/browse/ctid/2981","Also carries WSDOT P25 (Aeneas Lookout/Bodie Mtn) and WSP D6"
"FL25a","Grant County MACC 911 Fire/EMS","Eastern WA","Grant","Public safety","trunked P25 Phase I","MACC 911 SID 6979 (SysID 29B, WACN 92768)","Simulcast, Grant County, Vantage sites","Fire Emergency; Fire1/2 Dispatch; North/South/East/West Tac1; AMR EMS Dispatch; EMS Common","P25 Phase I","Clear - all fire/EMS talkgroups","None (P25 native)","https://www.radioreference.com/db/sid/6979","Also carries WSDOT P25 (Beezley Hill/Beverly-Mattawa) and Justice IWN"
"FL25b","Grant County MACC 911 Law","Eastern WA","Grant","Public safety","trunked P25 Phase I","MACC 911 SID 6979","Same sites as FL25a","All law enforcement talkgroups","P25 Phase I","Fully encrypted","None (P25 native)","https://www.radioreference.com/db/sid/6979","No law enforcement audio available"
"FL26","NE Highlands Stevens/PendOreille/Ferry","Eastern WA","Stevens, Pend Oreille, Ferry","Public safety","conventional + P25 digital","3 county conventional, no countywide trunked","Colville, Newport, Republic areas","Stevens Sheriff153.965(dual P25 NAC200);Fire N/S154.400/154.415; Pend Oreille Sheriff155.3100+P25 fire chs; Ferry Sheriff A/B156.090/155.250;Republic Fire153.845","FM + P25 conventional","Full - unencrypted","None","https://www.radioreference.com/db/browse/ctid/2990","Ferry County data comparatively sparse - lower confidence"
"FL27","SE Washington WallaWalla/Columbia/Garfield/Asotin/Whitman","Eastern WA","Walla Walla, Columbia, Garfield, Asotin, Whitman","Public safety","conventional","5 independent county conventional systems","Palouse & valleys region","WW Fire154.430/Sheriff155.250; Columbia CCSO155.145/CCFD3 153.875; Garfield GCSO156.150(dual P25); Asotin ACSO155.190; Whitman WCSO154.785/Pullman Fire154.145","FM + P25 conventional","Full - low encryption","None","https://www.radioreference.com/db/browse/ctid/2993","Also carries WSDOT P25 South Central and WSP D4"
"FL28","S-Central WA Klickitat County","Eastern WA","Klickitat","Public safety","conventional","County conventional","Goldendale/White Salmon area","Countywide fire dispatch154.130(PL162.2); Fire Tac1-3 154.070/154.355/154.400; SAR 154.1075(DCS-565); Sheriff153.845; Goldendale PD alt154.025","FM + digital PL(DCS)","Full - unencrypted","None","https://www.radioreference.com/db/browse/ctid/2977","SAR channel uses DCS-565 digital code, not analog PL"
"FL29","Adams/Lincoln Counties","Eastern WA","Adams, Lincoln","Public safety","conventional + P25 digital","2 county conventional with digital law dispatch","Ritzville/Othello/Davenport/Odessa area","Adams Fire158.970;ACSO Law1(Ritzville)158.760 P25NAC100;ACSO Law2(Othello)158.805 P25NAC114;Othello PD155.595 P25NACA21; Lincoln Sheriff156.030;Odessa PD158.730/158.940;Fire E/W154.205(diff PL)","FM + P25 conventional","Full - very low encryption","None","https://www.radioreference.com/db/browse/ctid/2958","Lincoln Fire East/West share 154.205 MHz with different PL tones"
"FL30","Statewide E/C Rollup","Eastern/Central WA","All eastern/central counties","Interop","trunked P25 + conventional","WSP D4/D6 + WSDOT NC/SC + DNR + Mutual Aid (reuses FL4/5/6/1)","Statewide, eastern-WA site filters","See FL01, FL04, FL05, FL06 for detail","P25 Phase II + FM","Generally clear","None (P25 native)","https://www.radioreference.com/db/sid/7971","Add these system-wide entries to every eastern-WA regional FL rather than duplicating imports"
"FL32","Olympic Peninsula ONP+ONF","Mountain/Outdoor","Clallam, Jefferson, Mason, Grays Harbor","Mountain/wildland","conventional","NPS/USFS conventional + county tie-in","Olympic NP + Olympic NF","ONP Main168.525;ONP Maint168.350;ONF West/East164.825/164.800;WA SAR155.160;WSP D8 154.770","FM","Mostly clear","None","https://www.radioreference.com/db/aid/2373","Ties to FL18 Clallam conventional; NOAA KXI27 Forks / KIH36 Neah Bay"
"FL33","North Cascades/Mt Baker","Mountain/Outdoor","Whatcom, Skagit, Snohomish","Mountain/wildland","conventional + trunked","MBSNF/NOCA conventional + Sno911 SAR","Mt Baker-Snoqualmie NF, North Cascades NP","MBSNF Mt Baker169.925;Darrington170.525;NOCA Common168.6125/163.7125;NOCA LE169.7250;Sno SAR155.415(PL127.3)","FM + P25","Mostly clear","None","https://www.radioreference.com/db/subcat/80208","Ties to FL17 Whatcom and FL10 Sno911 SAR TG101"
"FL34","Mountain Loop/US-2/Stevens Pass","Mountain/Outdoor","Snohomish, King, Chelan","Mountain/wildland","conventional + trunked","MBSNF conventional + Sno911","Skykomish/Darrington Ranger Districts, Stevens Pass corridor","MBSNF Skykomish169.575;Darrington170.525;Sno SAR155.415;WSP NW154.755","FM + P25","Mostly clear","None","https://forums.radioreference.com/threads/snoqualmie-pass.481423/","Stevens Pass ski patrol freq not published (Discovery only)"
"FL35","I-90/Snoqualmie Pass/Alpine Lakes","Mountain/Outdoor","King, Kittitas","Mountain/wildland","conventional + trunked P25","MBSNF conventional + PSERN","North Bend/Enumclaw Ranger Districts, Alpine Lakes Wilderness","MBSNF NB/Enum169.900;KC SAR F-2/F-3 154.965/153.755;KC MARS155.190;PSERN SAR TGs(clear,law enc); NWAC/SPART FRS Ch7 462.7125(CTCSS71.9,legal transmit)","FM + P25 Phase II","Mostly clear; PSERN law encrypted","None (P25 native)","https://nwac.us/backcountry-radio-channels/","NWAC/SPART backcountry FRS is legal party-to-party, not monitored by SAR/ski patrol"
"FL36","Central Cascades/Enchantments/Wenatchee","Mountain/Outdoor","Chelan, Kittitas","Mountain/wildland","conventional + trunked","WenNF conventional + RiverCom","Wenatchee/Okanogan NF, Enchantment Wilderness","WenNF Main171.500;Badger173.050;Chelan Fire154.430/155.685","FM + P25","Mostly clear","None","https://www.radioreference.com/db/browse/ctid/2961","Ties to FL23 RiverCom; NOAA WXM48 Wenatchee"
"FL37","Mount Rainier NP/Crystal Mountain","Mountain/Outdoor","Pierce, Lewis, Yakima","Mountain/wildland","conventional","NPS Rainier + MBSNF Enumclaw","MORA site-switched repeaters: Paradise,Tatoosh,Gobblers Knob,Crystal,Sunrise,Fremont,Tolmie","MORA Main/LE169.7250;Common1/2 168.6125/163.7125;Admin163.0650;MBSNF Enumclaw169.900","FM","Mostly clear","None","http://www.interceptradio.com/wiki/index.php/Mount_Rainier_National_Park","Crystal Mtn ski patrol not published (Discovery only)"
"FL38","Goat Rocks/White Pass/US-12","Mountain/Outdoor","Yakima, Lewis","Mountain/wildland","conventional","GPNF conventional","Goat Rocks Wilderness, William O.Douglas Wilderness","GPNF North171.425;WA SAR155.160;WSP Tac155.970","FM","Mostly clear","None","https://www.radioreference.com/db/browse/ctid/2996","White Pass ski area not published (Discovery only)"
"FL39","Mt St Helens/Mt Adams/Gifford Pinchot","Mountain/Outdoor","Skamania, Cowlitz, Klickitat","Mountain/wildland","conventional","GPNF conventional + county tie-in","GPNF west/east/north zones, Mt St Helens NVM","GPNF West/MSH172.225;East/Adams172.325;North171.425;digital link406.425(NAC555);Skamania Sheriff453.675/Fire460.625","FM + P25 digital link","Mostly clear","None","https://www.radioreference.com/db/browse/ctid/2987","USGS volcano telemetry not on scannable voice; ties to FL19 Cowlitz"
"FL40","Okanogan/Pasayten/Methow","Mountain/Outdoor","Okanogan","Mountain/wildland","conventional","Okanogan-Wenatchee NF (Methow Valley RD)","Pasayten Wilderness, Methow Valley","OkaNF Methow172.350;regional171.500;WA SAR155.160","FM","Mostly clear","None","https://www.radioreference.com/db/browse/ctid/2981","Ties to FL24 Okanogan; NOAA WWF49 Okanogan"
"FL41","NE Highlands/Selkirks/Colville NF","Mountain/Outdoor","Stevens, Pend Oreille, Ferry","Mountain/wildland","conventional","Colville NF conventional","Salmo-Priest Wilderness, Little Pend Oreille NWR","ColNF East/West171.475/170.550;Fire Tac168.000;Central172.375;Tonasket RD170.475","FM","Mostly clear","None","https://www.radioreference.com/db/browse/ctid/2990","Ties to FL26; NOAA KZZ73 Dayton / WXL86 Spokane"
"FL42","Blue Mountains/Umatilla NF/SE WA","Mountain/Outdoor","Walla Walla, Columbia, Garfield, Asotin","Mountain/wildland","conventional","Umatilla NF (WA portion) conventional","Blue Mountains WA/OR border","USFS R6 Pomeroy164.825(unverified)","FM","Sparse data - lower confidence","None","https://www.radioreference.com/db/browse/ctid/2993","Umatilla NF straddles OR/WA; some OR repeaters may serve WA side"
"FL43","Columbia Gorge/White Salmon/Klickitat","Mountain/Outdoor","Klickitat, Skamania","Mountain/wildland","conventional","GPNF conventional + county tie-in","Columbia River Gorge National Scenic Area","GPNF East172.325;Skamania Sheriff453.675;Fire460.625","FM","Mostly clear","None","https://www.radioreference.com/db/browse/ctid/2987","Ties to FL28 Klickitat; NOAA WXK27/WWH27"
"FL44","Rescue/SAR Aviation","Statewide","All 39 counties","Aviation/SAR","conventional","SAR aviation calling/coordination","Statewide, no location control","GUARD121.500(AM);SAR Air123.100(AM);Marine-16 156.800(FM);USFS Air Guard168.625(FM);Flight Following168.650(FM);HEAR155.340(FM)","AM + FM","Full - unencrypted","None","https://www.radioreference.com/db/aid/2373","National distress/SAR aviation calling channels"
"FL45","Ski Areas Statewide","Mountain/Outdoor","Pierce,Chelan/King,Kittitas,Yakima,Whatcom,Spokane,Chelan","Discovery (unpublished)","discovery target","7 major resorts: Crystal Mtn,Stevens Pass,Snoqualmie/Summit,White Pass,Mt Baker,49 North,Mission Ridge","Resort operational areas, Dec-Apr season","No published frequencies for any of the 7 resorts; private business VHF/UHF or DMR assumed","Unknown - Discovery only","Not monitorable without on-site Discovery","Unknown","N/A","Run Close Call/Discovery 150-174MHz and 450-470MHz on-site"
"FL46","Civil Aviation Western WA","Aviation","King, Snohomish, Thurston, Whatcom, Clallam","Aviation","conventional AM","Towered + uncontrolled airports","KSEA,KBFI,KPAE,KOLM,KBLI + uncontrolled fields","KSEA Tower119.9/120.95,ATIS118.0,Ground121.7;KBFI Tower118.3/120.6;KPAE ATIS132.95,Tower120.2;uncontrolled CTAF 122.8 default","AM","Full - unencrypted, no digital","None","https://www.airnav.com","SDS150 fully receives civil AM aviation band"
"FL47","Civil Aviation Eastern WA","Aviation","Spokane, Yakima, Franklin, Chelan, Whitman, Walla Walla","Aviation","conventional AM","Towered airports eastern WA","KGEG,KYKM,KPSC,KEAT,KPUW,KALW","KGEG ATIS124.325,Tower118.3,Approach123.75/133.35(shared Fairchild);others per-airport ATIS/Tower/Ground","AM","Full - unencrypted","None","https://www.globalair.com","Spokane Approach serves as shared TRACON for several fields"
"FL48","ARTCC Seattle Center (ZSE) & FSS","Aviation","Statewide airspace","Aviation","conventional AM","Seattle Center en-route + Flight Service","RCAG sites across WA, Areas A-D","ZSE-1191 119.1;ZSE-1203 120.3;ZSE-12485 124.85;ZSE-1258 125.8;ZSE-1261 126.1;Mt Vernon RCAG 126.3;ZSE-1283 128.3;ZSE-1285 128.5;Yakima RCAG 132.6;ZSE-13365 133.65;Yakima UHF 269.35;FSS Seattle Radio 122.2;Civil Guard 121.5;Military Guard 243.0","AM","Full - unencrypted","None","https://www.radioreference.com/db/aid/2235","One frequency will be active over your location at any given time"
"FL49","Military Aviation","Aviation","Pierce, Island, Spokane","Aviation/Military","conventional AM","McChord/JBLM, NAS Whidbey, Fairchild, CAP","KTCM,KNUW,Fairchild AFB","McChord ATIS109.6/270.1,Tower124.8/259.3;NAS Whidbey Tower127.9,Approach118.2/120.7;CAP Seattle148.125(FMN+P25 NAC4CE);common mil Guard243.0","AM + P25 (CAP)","Full - unencrypted (mostly)","None","https://www.radioreference.com/db/aid/6333","NAS Whidbey EA-18G/EP-3E generate heavy 225-400MHz UHF traffic during workups"
"FL50a","JBLM ACE LMR (Army P25) - Support/Logistics","Military","Pierce, Yakima (YTC)","Military","trunked P25 Phase II","ACE LMR SID 8217 (SysID 98D)","Davis Hill,Donovan Hill,Perimeter Road,Wescott Hills,Yakima Training Center","Logistics/support/fire/range talkgroups","P25 Phase II","Likely clear for logistics/support","None (P25 native)","https://www.radioreference.com/db/sid/8217","Append from Sentinel; some RR web details may require Premium"
"FL50b","JBLM ACE LMR (Army P25) - Command/Security","Military","Pierce, Yakima (YTC)","Military","trunked P25 Phase II","ACE LMR SID 8217","Same sites as FL50a","Command and security talkgroups","P25 Phase II","Likely encrypted","None (P25 native)","https://www.radioreference.com/db/sid/8217","Range control also reachable conventionally: 40.2/165.0875/173.5125 FM"
"FL51","Amateur Satellites/ISS/ARISS","Aviation/Amateur","Statewide (overhead)","Amateur/hobby","conventional FM","ISS + FM amateur satellites","Overhead passes, statewide","ISS voice/SSTV145.800;APRS downlink145.825(carrier-only);cross-band repeater437.800;SO-50 436.795;AO-91 145.960;TEVEL436.400","FM","Full - unencrypted (APRS carrier-only)","None","https://www.ariss.org/current-status-of-iss-stations.html","AO-92(145.880) decommissioned - do not program; use pass-prediction app"
"FL52","USCG & Marine VHF","Marine","Statewide waters","Marine","conventional FM + trunked P25","Marine VHF channels + USCG P25 nets","Puget Sound, coastal, Columbia River","Ch16 156.800(distress);Ch13 156.650;Ch22A 157.100;Ch5A 156.250;Ch14 VTS 156.700;Ch6 156.300;Ch67 156.375;Ch79A 156.975;Ch78A 156.925;Ch07A 156.350;USCG P25 NAC293 nets;USCG Air1-4 326.150/379.050/345.000/237.900 (AM);USCG Auxiliary1-2 143.475/150.700","FM + P25 (NAC293)","Full for marine VHF; USCG P25 part-time encrypted","None (P25 native)","https://www.radioreference.com/db/aid/7760","Import whole Coast Guard agency via Sentinel for full P25 net list"
"FL53","WA State Ferries & Puget Sound VTS","Marine","Puget Sound counties","Marine/transportation","conventional FM","WSF ops + VTS Seattle Traffic","Puget Sound ferry routes and terminals","WSF Deck-Shore 151.040;WSDOT V1-3 151.070/151.025/156.120;Ch14 VTS 156.700;Ch16 Distress 156.800;Ch79A 156.975;Ch78A 156.925","FM","Full - unencrypted","None","https://www.radioreference.com/db/aid/2299","Append current published entries from Sentinel; RR Premium is optional"
"FL54","Ports & Commercial Marine","Marine","King, Pierce","Marine/industrial","conventional FM + trunked P25","Port ops channels + Port of Seattle P25","Seattle/Tacoma port facilities","Ch07A 156.350;Ch05A 156.250;Ch13 Bridge 156.650;Ch16 Distress 156.800;Ch01A 156.050;Legacy Telephone1-2 161.900/161.875;Port of Seattle P25(police/fire/maintenance, see FL15)","FM + P25 Phase II","Mostly clear","None (P25 native)","https://www.radioreference.com/db/sid/11481","Port of Tacoma/Olympia less documented; marine VHF most reliable option"
"FL55","Medevac & Rescue Aviation","Marine/Aviation","Statewide","EMS/aviation","conventional AM/FM + trunked P25","Airlift NW + USCG air stations","Statewide bases: Seattle/Harborview,Bellingham,Wenatchee,Yakima,Walla Walla,Olympia","Airlift NW air-ground129.825(AM);dispatch155.295(P25 NAC293);USCG Air Sta Port Angeles326.150/345.000(AM);VMED28 155.340;Life Flight463.0375","AM + P25 + FM","Full - unencrypted","None (P25 native)","https://www.radioreference.com/db/aid/11155","Verify current per-base entries in Sentinel/RRDB"
"FL56","Rail Western WA","Rail","12+ western counties","Rail","conventional AAR","BNSF Seattle/Scenic/Bellingham Subs + shortlines","Seattle-Tacoma-Vancouver WA, Seattle/Everett-Wenatchee via Stevens Pass, Everett-Canadian border","AAR70 161.160(road);AAR87 161.415;AAR66 161.100;Balmer Yard hump AAR80 161.310;switching AAR36 160.650;Stacy Yard AAR60 161.010;MOW AAR54 160.920","FMN","Full - unencrypted analog","NXDN upgrade if/when yard digital encountered","https://www.radioreference.com/db/aid/9298","Sounder South rides Seattle Sub; Sounder North rides Bellingham Sub AAR76"
"FL57","Rail Eastern WA","Rail","10+ eastern counties","Rail","conventional AAR","BNSF Stampede/Columbia River/Spokane/Pasco Subs + shortlines","Auburn-Stampede Pass-Pasco, Wenatchee-Spokane, Spokane mainline","AAR76 161.250(Stampede/Spokane road);AAR54 160.920(MOW);AAR66/70 161.100/161.160(Columbia River/Pasco);Columbia Rail Group shortlines 160.560/160.860","FMN","Full - unencrypted analog","None","https://www.radioreference.com/db/aid/9298","Columbia Rail Group shortlines (Columbia-WallaWalla RR,Port of Royal Slope,Yakima Central RR) share 2 channels"
"FL58","Transit Rail (Sound Transit/Sounder)","Rail/Transit","King, Snohomish, Pierce","Rail/transit","trunked P25 + conventional AAR","Sound Transit Link (PSERN TGs) + Sounder (BNSF)","King County light rail + Sounder commuter lines","Tunnel Ops;Mainline Ops1/2;Maintenance;Fare Inspection(clear);Security/Security Emergency Button(likely enc); Sounder rides BNSF Seattle/Bellingham Sub","P25 Phase II + FMN","Ops clear; security encrypted","None (P25 native)","https://www.radioreference.com/db/sid/11628","Sounder has no separate radio system - monitor underlying BNSF channels"
"FL59","Military Ground Ops","Military","Pierce, Kitsap","Military","conventional FM","JBLM Range Control + PSNS + Bangor","Fort Lewis ranges, Bremerton shipyard, Naval Base Kitsap/Bangor","Range Ops Primary41.1(PL150.0);Range Ops Secondary40.2;Flight Following Bullseye34.6;PSNS Police/Security/Fire140.0(multi-dispatch)","FM","Mostly clear; some federal/restricted","None","https://www.radioreference.com/db/aid/8998","Much current military traffic is encrypted P25 or frequency-hopping SINCGARS"
"FL60","WA Amateur Analog Repeaters","Amateur","Statewide","Amateur/hobby","conventional FM","Curated statewide repeater sample","Statewide, standard 2m -600kHz / 70cm +5MHz offsets","146.820/146.220 PL100.0(Seattle);146.960/146.360 PL127.3(Olympia ARES);147.260/147.860 PL156.7(Chelan,Evergreen Intertie);444.925/449.925 PL100.0(Chinook Pass,WIN)","FM","Full - unencrypted","None","https://www.repeaterbook.com/repeaters/Display_SS.php?state_id=53","Full directories at WWARA(west)/ERAC(east)/RepeaterBook"
"FL61","Linked Amateur Systems","Amateur","Statewide","Amateur/hobby","conventional FM + DMR","WIN System, Evergreen Intertie, SRG, PNWDigital DMR, EchoLink/IRLP/AllStar","Statewide linked repeater networks","WIN primary444.750/449.750 PL100.0(Sequim,AllStar1880);Chinook Pass node444.925;Evergreen Intertie via147.260;PNWDigital DMR nodes","FM + DMR","FM full; PNWDigital needs DMR upgrade","DMR upgrade for PNWDigital","https://pnwdigital.net/repeaters-map/","Program only best-signal local node to avoid duplicate decode overhead"
"FL62","ARES/RACES/ACS","Amateur","Statewide","Amateur/emergency mgmt","conventional FM (HF out of range)","VHF/UHF simplex + Winlink packet","Statewide emergency communications network","146.520(national calling);146.580(WA ARES/RACES/ACS common);145.510/145.650(Eastside/King Co tac);446.000/445.000(UHF calling/alt);Winlink144.950/145.630(carrier-only)","FM","Full - unencrypted (Winlink carrier-only)","None","https://www.aresofkingcounty.org/resources/frequencies","HF nets (3.985/7.245 LSB) below 25MHz - out of SDS150 range, need separate HF receiver"
"FL63","Simplex/Calling Frequencies","Amateur","Statewide","Amateur/hobby","conventional FM","National calling frequencies","Statewide","146.520(2m national,most-monitored WA amateur freq);446.000(70cm national);223.500(1.25m national);52.525(6m national,best Jun-Aug)","FM","Full - unencrypted","None","https://www.arrl.org","SDS150 cannot demodulate SSB calling frequencies (144.200/432.100/28.400) - omit"
"FL65","GMRS/FRS + NWAC Backcountry","Outdoor/hobby","Statewide","Outdoor recreation","conventional FM","FRS/GMRS shared channels + NWAC/SPART program","Statewide, short range 1-5mi typical","Ch1-7 shared462.5625-462.7125;Ch8-14 FRS-only467.5625-467.7125(0.5W);Ch15-22 GMRS/FRS462.5500-462.7250;NWAC FRS Ch7(462.7125,CTCSS71.9)","FM","Full - unencrypted","None (GMRS transmit needs FCC license, receive is free)","https://nwac.us/backcountry-radio-channels/","NWAC/SPART Snoqualmie Pass program is legal party-to-party, not monitored by SAR/patrol"
"FL66","MURS + CB","Business/hobby","Statewide","Business/hobby","conventional FM/AM","MURS 5-channel + CB 40-channel","Statewide","MURS Ch1-3 151.820/151.880/151.940(light);Ch4 Blue Dot154.570(heavy);Ch5 Green Dot154.600(heavy);CB Ch9 27.065(emergency);CB Ch19 27.185(trucker highway)","FM (MURS) + AM (CB)","Full for FM/AM; CB SSB channels not decodable","None","https://wiki.radioreference.com/index.php/Common_Itinerant_and_Business","SDS150 cannot demodulate CB SSB channels (Ch38LSB etc)"
"FL68","Business/Industrial Color Dot","Business","Statewide","Business/industrial","conventional FM","Nationally shared itinerant channels","Statewide, active daily in urban/suburban areas","151.625(Red Dot);Itinerant VHF1-4 151.505/151.515/151.700/151.760;154.570/154.600(Blue/Green Dot,also MURS);464.500(Brown Dot);464.550(Yellow Dot);Itinerant UHF1-5 467.7625/467.8125/467.850/467.875/467.900;467.925(Silver Star)","FM","Full - unencrypted","None","https://wiki.radioreference.com/index.php/Common_Itinerant_and_Business","Worth programming in every profile; expect heavy unrelated urban traffic"
"FL69","Utilities & SCADA","Utility","Statewide","Utility","conventional + trunked MPT-1327","Seattle City Light + Puget Sound Energy + SCADA","Statewide utility service territories","Seattle City Light 851.2875/851.5875/851.8625/852.3625 (FMN);PSE mixed conventional/MPT-1327(undecoded);SCADA/telemetry data-only(undecoded)","FMN + MPT-1327(undecoded) + data(undecoded)","Partial - SCADA and MPT-1327 not decodable","None (cannot be unlocked for MPT-1327/SCADA)","https://wireless.fcc.gov/uls/index.htm?job=home","Identify SCADA by data-noise signature during Discovery and lock out"
"FL70a","Commercial DMR - KC Metro Transit","Commercial digital","King","Commercial digital","trunked/conventional DMR","King County Metro Transit DMR","King County transit service area","451.5125(Atlantic Base dispatch);451.6625(Ch2);452.0875(Ch4)","DMR","Requires paid upgrade to decode","DMR digital upgrade required","https://www.radioreference.com/db/browse/ctid/2974","The SDS150 DMR upgrade covers supported single-channel, Tier II/III, and XPT operation"
"FL70b","Commercial NXDN - AMR Seattle","Commercial digital","King","Commercial digital/EMS","conventional NXDN","AMR Seattle EMS dispatch","King County EMS service area","152.3375(Ch1 dispatch,NXDN48);152.4425(Ch2,NXDN48)","NXDN48","Requires paid upgrade to decode","NXDN upgrade required","https://digitalfrequencysearch.com/index.php","Carrier hit with no audio until upgrade purchased"
"FL71","Hospitals & Medevac","Medical","Statewide","Medical/EMS","conventional FM + NXDN + P25","HEAR/MED statewide channels + AMR NXDN","Statewide hospital-EMS coordination","HEAR155.340(hospital-EMS medical control);MED-1 463.000/468.000;MED-7 463.150/468.150;MED-9 163.000;AMR NXDN152.3375/152.4425","FM + NXDN48","Full for FM; NXDN needs upgrade","NXDN upgrade for AMR channels","https://mil.wa.gov/asset/610097d704789","Hospital internal ops (security/transport) unpublished - Discovery target on-campus"
"FL72","Schools/Malls/Stadiums","Discovery","Statewide","Discovery","discovery target","School districts, retail centers, stadiums/arenas","Statewide venue-specific","Schools: MURS Ch4/5 or district-licensed VHF/UHF; Malls: 451-470MHz licensed/itinerant; Stadiums(Lumen Field,T-Mobile Park,Climate Pledge): 451-469MHz event-leased","FM/UHF - varies","Not monitorable without on-site Discovery","Unknown - some may be DMR/NXDN","N/A","Run Close Call in parking-lot approach before programming anything"
"FL73","Events (Seafair/Fairs/Airshows)","Event/Discovery","King, Pierce, Spokane","Event monitoring","conventional + discovery","Seafair, WA State Fair, Spokane Interstate Fair, airshows","Annual recurring event venues","Seafair FCC WRYC378 451.4125/452.0125/452.6375/452.9750/452.3750/456.4125/457.0125/457.1000/457.3375/457.3750/457.9750/461.6000/461.6250/461.7875/463.3000/463.3125;Blue Angels AM237.800/251.600/284.250;Air Boss123.150;WA State Fair UHF464.500/464.550(verify NXDN/DMR)","FM + AM","Verified for Seafair licensee; others partial/Discovery","Possible DMR/NXDN for some fair vendors","https://www.radioreference.com/db/fcc/callsign/WRYC378","Event radio plans change annually - verify current FCC licensee each year"
"FL74a","News Media Field Crews","Discovery","Statewide","Discovery","discovery target","TV/radio news ENG/SNG field coordination","Statewide, scene-dependent","Air-to-air informal 123.025/123.050/123.075 (AM);licensed ENG/SNG UHF450-451MHz per news org(KOMO/KING/KIRO in FCC ULS)","AM + UHF","Discovery-only for ground crews; aviation portion clear","None","https://wireless.fcc.gov/uls/index.htm?job=home","Microwave backhaul (1.6-2.5GHz S-band) is outside SDS150 coverage"
"FL74b","Tow and Road Crews (WSDOT)","Transportation","Statewide","Transportation/Discovery","conventional + trunked P25","WSDOT Incident Response + private tow","Statewide highway corridors","WSDOT V1/V2/V3 151.070/151.025/156.120;WSDOT P25 simplex digital 769.15625-774.84375(8ch,'Simplex3'769.91875 most-used SW WA);private tow Discovery 450-470MHz","FM + P25 (native)","WSDOT clear; private tow Discovery-only","None (P25 native for WSDOT simplex)","https://www.radioreference.com/db/aid/2299","WSDOT P25 simplex is native P25 Phase I digital, no upgrade needed"
"FL75","NOAA Weather Radio Statewide","Weather","All 39 counties","Weather/SAME","conventional WX + SAME","17 primary WA-serving NOAA transmitters","Statewide, overlapping coverage in mountains","KAD93 Blaine162.525;KEC91 Astoria162.400;KHB60 Seattle162.550;KIG75 Yakima162.550;KIH36 NeahBay162.550;KXI27 Forks162.425;KZZ73 Dayton162.525;WNG604 DavisPeak162.525;WWF49 Okanogan162.525;WWF56 Richland162.450;WWG24 PugetSoundMarine162.425;WWH27 Plymouth162.425;WXL86 Spokane162.400;WXM48 Wenatchee162.475;WXM62 CapitolPeak162.475;WXN21 CleElum162.400;WZ2502 Randle162.425","WX (NOAA)","Full - unencrypted, federal","None","https://www.weather.gov/nwr/stations?State=WA","Enable SAME by county FIPS code (53xxx); always run with Weather Alert Priority"
