family,family_label,measurement_context,measurement_context_label,service,service_label,configuration,configuration_label,source,coverage_status,minimum_swr,median_swr,maximum_swr,coverage_at_or_below_2_percent,coverage_at_or_below_3_percent
remtronix-920,Remtronix 920,handheld_bench,Handheld bench fixture,6m,6m amateur,remtronix-920,BNC direct,broadband,gap,very poor / outside calibrated dynamic range,very poor / outside calibrated dynamic range,very poor / outside calibrated dynamic range,0.0,0.0
remtronix-920,Remtronix 920,handheld_bench,Handheld bench fixture,fm-broadcast,FM broadcast,remtronix-920,BNC direct,averaged_zoom,gap,2.1555995129392524,43.08333334960293,461.62870831804037,0.0,4.94752623688156
remtronix-920,Remtronix 920,handheld_bench,Handheld bench fixture,civil-air,Civil air,remtronix-920,BNC direct,broadband,gap,20.618099246057522,60.475388224668045,90.95303695070247,0.0,0.0
remtronix-920,Remtronix 920,handheld_bench,Handheld bench fixture,2m,2m amateur,remtronix-920,BNC direct,broadband,gap,113.51932772079991,161.53277127188215,388.92887871702385,0.0,0.0
remtronix-920,Remtronix 920,handheld_bench,Handheld bench fixture,vhf-lmr,VHF LMR,remtronix-920,BNC direct,broadband,gap,211.8195166354512,very poor / outside calibrated dynamic range,very poor / outside calibrated dynamic range,0.0,0.0
remtronix-920,Remtronix 920,handheld_bench,Handheld bench fixture,marine-vhf,Marine VHF,remtronix-920,BNC direct,broadband,gap,very poor / outside calibrated dynamic range,very poor / outside calibrated dynamic range,very poor / outside calibrated dynamic range,0.0,0.0
remtronix-920,Remtronix 920,handheld_bench,Handheld bench fixture,railroad,Railroad,remtronix-920,BNC direct,broadband,gap,very poor / outside calibrated dynamic range,very poor / outside calibrated dynamic range,very poor / outside calibrated dynamic range,0.0,0.0
remtronix-920,Remtronix 920,handheld_bench,Handheld bench fixture,noaa-weather,NOAA weather,remtronix-920,BNC direct,broadband,gap,very poor / outside calibrated dynamic range,very poor / outside calibrated dynamic range,very poor / outside calibrated dynamic range,0.0,0.0
remtronix-920,Remtronix 920,handheld_bench,Handheld bench fixture,1.25m,1.25m amateur,remtronix-920,BNC direct,broadband,gap,20.427611460916026,21.833575485582806,23.27609813301683,0.0,0.0
remtronix-920,Remtronix 920,handheld_bench,Handheld bench fixture,military-air,Military air,remtronix-920,BNC direct,averaged_zoom,partial only,1.0344057635288866,4.45841575768577,35.215690119997426,17.978202179782024,33.256674332566746
remtronix-920,Remtronix 920,handheld_bench,Handheld bench fixture,federal-uhf,Federal UHF,remtronix-920,BNC direct,broadband,gap,8.739251887563315,9.332830043683842,very poor / outside calibrated dynamic range,0.0,0.0
remtronix-920,Remtronix 920,handheld_bench,Handheld bench fixture,70cm,70cm amateur,remtronix-920,BNC direct,broadband,gap,8.364821501183076,9.21698866588915,11.156967704209574,0.0,0.0
remtronix-920,Remtronix 920,handheld_bench,Handheld bench fixture,uhf-lmr,UHF LMR,remtronix-920,BNC direct,broadband,gap,10.239019134992619,11.229665552996101,29.838580519608847,0.0,0.0
remtronix-920,Remtronix 920,handheld_bench,Handheld bench fixture,t-band,T-band,remtronix-920,BNC direct,broadband,gap,8.96185096699421,17.069548976117446,29.79069970853643,0.0,0.0
remtronix-920,Remtronix 920,handheld_bench,Handheld bench fixture,700-public-safety-downlink,700 MHz public safety,remtronix-920,BNC direct,averaged_zoom,broad <=2:1,1.7176590997205512,1.7739438105204273,1.8146715375778906,100.0,100.0
remtronix-920,Remtronix 920,handheld_bench,Handheld bench fixture,800-public-safety-downlink,800 MHz public safety,remtronix-920,BNC direct,averaged_zoom,broad <=2:1,1.1092756215855757,1.1718207902175006,1.3080970036379178,100.0,100.0
remtronix-920,Remtronix 920,handheld_bench,Handheld bench fixture,33cm,33cm amateur,remtronix-920,BNC direct,averaged_zoom,broad <=2:1,1.3820449860328483,1.7499773083665529,2.095907029756419,99.9000499750125,100.0
remtronix-920,Remtronix 920,handheld_bench,Handheld bench fixture,900-trunking-downlink,900 MHz trunking,remtronix-920,BNC direct,averaged_zoom,broad <=3:1,1.870243389016513,1.9911961374537155,2.0575964782966665,65.33466533466533,100.0
remtronix-920,Remtronix 920,handheld_bench,Handheld bench fixture,uat-978,UAT 978,remtronix-920,BNC direct,averaged_zoom,broad <=3:1,2.4924044600268345,2.7646140853526755,3.176579113698568,0.0,99.9000999000999
remtronix-920,Remtronix 920,handheld_bench,Handheld bench fixture,ads-b-1090,ADS-B 1090,remtronix-920,BNC direct,averaged_zoom,partial only,2.5994827798695206,3.010404779329239,3.6655422392940213,0.0,40.55944055944056
rh789,RH789 telescopic,handheld_bench,Handheld bench fixture,6m,6m amateur,rh789:setting-6,setting 6,broadband,gap,26.05857895818777,58.82004227637218,98.50672785285445,0.0,0.0
rh789,RH789 telescopic,handheld_bench,Handheld bench fixture,fm-broadcast,FM broadcast,rh789:setting-2,setting 2,averaged_zoom,partial only,1.4091793441830658,4.2354464808086725,16.888061617115714,19.1904047976012,37.23138430784608
rh789,RH789 telescopic,handheld_bench,Handheld bench fixture,civil-air,Civil air,rh789:setting-6,setting 6,broadband,gap,10.931288904197528,27.997589509109996,46.81058904631718,0.0,0.0
rh789,RH789 telescopic,handheld_bench,Handheld bench fixture,2m,2m amateur,rh789:setting-6,setting 6,averaged_zoom,gap,4.512775808361196,4.787819506075034,5.150218793270766,0.0,0.0
rh789,RH789 telescopic,handheld_bench,Handheld bench fixture,vhf-lmr,VHF LMR,rh789:setting-5,setting 5,averaged_zoom,partial only,2.011130833396138,3.5882911668896957,9.484617465472379,0.0,39.53023488255872
rh789,RH789 telescopic,handheld_bench,Handheld bench fixture,marine-vhf,Marine VHF,rh789:setting-5,setting 5,averaged_zoom,broad <=3:1,2.050857269636443,2.3473917198775274,3.3743041223598884,0.0,91.30869130869131
rh789,RH789 telescopic,handheld_bench,Handheld bench fixture,railroad,Railroad,rh789:setting-5,setting 5,averaged_zoom,broad <=3:1,2.139207989980587,2.1834898833053393,2.2353328334051334,0.0,100.0
rh789,RH789 telescopic,handheld_bench,Handheld bench fixture,noaa-weather,NOAA weather,rh789:setting-5,setting 5,averaged_zoom,broad <=3:1,2.3775722539601523,2.397057246026605,2.4192461977114075,0.0,100.0
rh789,RH789 telescopic,handheld_bench,Handheld bench fixture,1.25m,1.25m amateur,rh789:setting-3,setting 3,averaged_zoom,broad <=3:1,2.385730468680234,2.5399174212755784,2.624404052231737,0.0,100.0
rh789,RH789 telescopic,handheld_bench,Handheld bench fixture,military-air,Military air,rh789:setting-2,setting 2,broadband,partial only,1.7966941471532438,6.3971610118673015,130.52405193277156,4.402825694102185,29.34121899129292
rh789,RH789 telescopic,handheld_bench,Handheld bench fixture,federal-uhf,Federal UHF,rh789:setting-4,setting 4,averaged_zoom,broad <=3:1,1.2961437652269472,1.7359191746354468,2.3824299654591883,71.56421789105447,100.0
rh789,RH789 telescopic,handheld_bench,Handheld bench fixture,70cm,70cm amateur,rh789:setting-6,setting 6,broadband,partial only,1.8647933790205884,4.50590426931552,12.388679693747257,3.9272030651340994,27.586206896551722
rh789,RH789 telescopic,handheld_bench,Handheld bench fixture,uhf-lmr,UHF LMR,rh789:setting-6,setting 6,averaged_zoom,broad <=2:1,1.0920098542598429,1.3705023651539798,1.8701703087777022,100.0,100.0
rh789,RH789 telescopic,handheld_bench,Handheld bench fixture,t-band,T-band,rh789:setting-3,setting 3,averaged_zoom,broad <=3:1,1.367716408394086,1.6265760206684499,2.633032659385258,76.83079230192452,100.0
rh789,RH789 telescopic,handheld_bench,Handheld bench fixture,700-public-safety-downlink,700 MHz public safety,rh789:setting-5,setting 5,broadband,gap,31.703976344440186,48.06789823532607,93.09242711993612,0.0,0.0
rh789,RH789 telescopic,handheld_bench,Handheld bench fixture,800-public-safety-downlink,800 MHz public safety,rh789:setting-1,setting 1,broadband,gap,very poor / outside calibrated dynamic range,very poor / outside calibrated dynamic range,very poor / outside calibrated dynamic range,0.0,0.0
rh789,RH789 telescopic,handheld_bench,Handheld bench fixture,33cm,33cm amateur,rh789:setting-3,setting 3,broadband,gap,6.362604321288504,89.35174749395472,very poor / outside calibrated dynamic range,0.0,0.0
rh789,RH789 telescopic,handheld_bench,Handheld bench fixture,900-trunking-downlink,900 MHz trunking,rh789:setting-4,setting 4,broadband,gap,13.317018387665989,16.290409328936573,27.327643953048568,0.0,0.0
rh789,RH789 telescopic,handheld_bench,Handheld bench fixture,uat-978,UAT 978,rh789:setting-4,setting 4,broadband,gap,6.5292772814271505,7.728108681173969,25.661452997558793,0.0,0.0
rh789,RH789 telescopic,handheld_bench,Handheld bench fixture,ads-b-1090,ADS-B 1090,rh789:setting-1,setting 1,broadband,gap,3.789852774828803,5.763544632858926,7.337658510358323,0.0,0.0
tid-td771,TID TD771,handheld_bench,Handheld bench fixture,6m,6m amateur,tid-td771,with SMA-to-BNC adapter,broadband,gap,very poor / outside calibrated dynamic range,very poor / outside calibrated dynamic range,very poor / outside calibrated dynamic range,0.0,0.0
tid-td771,TID TD771,handheld_bench,Handheld bench fixture,fm-broadcast,FM broadcast,tid-td771,with SMA-to-BNC adapter,broadband,gap,11.107511246608547,19.41459327759742,24.50604604059581,0.0,0.0
tid-td771,TID TD771,handheld_bench,Handheld bench fixture,civil-air,Civil air,tid-td771,with SMA-to-BNC adapter,broadband,gap,5.131000113814059,6.319168599552821,9.044547036251757,0.0,0.0
tid-td771,TID TD771,handheld_bench,Handheld bench fixture,2m,2m amateur,tid-td771,with SMA-to-BNC adapter,broadband,gap,5.8221345689996244,6.4765883358548155,7.3274292007219985,0.0,0.0
tid-td771,TID TD771,handheld_bench,Handheld bench fixture,vhf-lmr,VHF LMR,tid-td771,with SMA-to-BNC adapter,broadband,gap,8.195994376003483,11.144905878954798,12.219515480258421,0.0,0.0
tid-td771,TID TD771,handheld_bench,Handheld bench fixture,marine-vhf,Marine VHF,tid-td771,with SMA-to-BNC adapter,broadband,gap,10.200173400511602,10.966316841475846,11.287871800472134,0.0,0.0
tid-td771,TID TD771,handheld_bench,Handheld bench fixture,railroad,Railroad,tid-td771,with SMA-to-BNC adapter,broadband,gap,10.995043240986456,11.16965113738288,11.287871800472134,0.0,0.0
tid-td771,TID TD771,handheld_bench,Handheld bench fixture,noaa-weather,NOAA weather,tid-td771,with SMA-to-BNC adapter,broadband,gap,11.033510555901158,11.15211966744221,11.215991789685377,0.0,0.0
tid-td771,TID TD771,handheld_bench,Handheld bench fixture,1.25m,1.25m amateur,tid-td771,with SMA-to-BNC adapter,averaged_zoom,broad <=2:1,1.2289332407651439,1.2639625895286597,1.3149991980175988,100.0,100.0
tid-td771,TID TD771,handheld_bench,Handheld bench fixture,military-air,Military air,tid-td771,with SMA-to-BNC adapter,averaged_zoom,isolated resonance,1.3123594880700005,16.828729304674862,very poor / outside calibrated dynamic range,8.069193080691932,15.498450154984502
tid-td771,TID TD771,handheld_bench,Handheld bench fixture,federal-uhf,Federal UHF,tid-td771,with SMA-to-BNC adapter,averaged_zoom,partial only,2.0207327497739294,2.9425787261564342,5.044908359772307,0.0,52.023988005997005
tid-td771,TID TD771,handheld_bench,Handheld bench fixture,70cm,70cm amateur,tid-td771,with SMA-to-BNC adapter,averaged_zoom,partial only,1.9241793286667819,3.593194572973185,10.617947148401035,9.630123292235922,40.0866377874042
tid-td771,TID TD771,handheld_bench,Handheld bench fixture,uhf-lmr,UHF LMR,tid-td771,with SMA-to-BNC adapter,broadband,gap,6.094450584743091,17.239892009507454,32.0538586597093,0.0,0.0
tid-td771,TID TD771,handheld_bench,Handheld bench fixture,t-band,T-band,tid-td771,with SMA-to-BNC adapter,broadband,gap,17.43791188309602,very poor / outside calibrated dynamic range,very poor / outside calibrated dynamic range,0.0,0.0
tid-td771,TID TD771,handheld_bench,Handheld bench fixture,700-public-safety-downlink,700 MHz public safety,tid-td771,with SMA-to-BNC adapter,broadband,gap,6.851786787489442,7.121557337710049,7.655351418296179,0.0,0.0
tid-td771,TID TD771,handheld_bench,Handheld bench fixture,800-public-safety-downlink,800 MHz public safety,tid-td771,with SMA-to-BNC adapter,broadband,gap,4.512634149246762,4.728471801469582,4.942635298582443,0.0,0.0
tid-td771,TID TD771,handheld_bench,Handheld bench fixture,33cm,33cm amateur,tid-td771,with SMA-to-BNC adapter,broadband,gap,2.8856016198472907,4.141311582992105,5.810418791344933,0.0,0.11049723756906077
tid-td771,TID TD771,handheld_bench,Handheld bench fixture,900-trunking-downlink,900 MHz trunking,tid-td771,with SMA-to-BNC adapter,broadband,gap,3.679954451951441,3.838190780107726,4.21538185379436,0.0,0.0
tid-td771,TID TD771,handheld_bench,Handheld bench fixture,uat-978,UAT 978,tid-td771,with SMA-to-BNC adapter,broadband,gap,2.7765734207605335,3.4884136684752587,4.512089922148375,0.0,0.7194244604316546
tid-td771,TID TD771,handheld_bench,Handheld bench fixture,ads-b-1090,ADS-B 1090,tid-td771,with SMA-to-BNC adapter,broadband,partial only,2.4398454448007496,3.0163626803690136,3.5587512158871184,0.0,35.97122302158273
diamond-srh77ca,Diamond SRH77CA,handheld_bench,Handheld bench fixture,6m,6m amateur,diamond-srh77ca,with BNC adapter,broadband,gap,258.8065759828915,437.11692824609065,622.1230294991614,0.0,0.0
diamond-srh77ca,Diamond SRH77CA,handheld_bench,Handheld bench fixture,fm-broadcast,FM broadcast,diamond-srh77ca,with BNC adapter,broadband,isolated resonance,1.811188194472302,10.926880199086668,36.956422127129464,3.3045977011494254,11.494252873563218
diamond-srh77ca,Diamond SRH77CA,handheld_bench,Handheld bench fixture,civil-air,Civil air,diamond-srh77ca,with BNC adapter,broadband,gap,47.91603207374114,81.61448337434351,108.8937476509708,0.0,0.0
diamond-srh77ca,Diamond SRH77CA,handheld_bench,Handheld bench fixture,2m,2m amateur,diamond-srh77ca,with BNC adapter,broadband,gap,64.03129335482996,79.91517793495649,104.75581871224192,0.0,0.0
diamond-srh77ca,Diamond SRH77CA,handheld_bench,Handheld bench fixture,vhf-lmr,VHF LMR,diamond-srh77ca,with BNC adapter,broadband,gap,22.923752103522066,59.50463169446245,142.24603958314677,0.0,0.0
diamond-srh77ca,Diamond SRH77CA,handheld_bench,Handheld bench fixture,marine-vhf,Marine VHF,diamond-srh77ca,with BNC adapter,broadband,gap,59.50463169446245,78.05247528219786,98.9942750447338,0.0,0.0
diamond-srh77ca,Diamond SRH77CA,handheld_bench,Handheld bench fixture,railroad,Railroad,diamond-srh77ca,with BNC adapter,broadband,gap,60.11837572714878,66.78151364121409,78.05247528219786,0.0,0.0
diamond-srh77ca,Diamond SRH77CA,handheld_bench,Handheld bench fixture,noaa-weather,NOAA weather,diamond-srh77ca,with BNC adapter,broadband,gap,53.217331892680654,56.288635302119594,57.67212359633029,0.0,0.0
diamond-srh77ca,Diamond SRH77CA,handheld_bench,Handheld bench fixture,1.25m,1.25m amateur,diamond-srh77ca,with BNC adapter,averaged_zoom,broad <=2:1,1.3300938347490574,1.395089859778762,1.4613932309073578,100.0,100.0
diamond-srh77ca,Diamond SRH77CA,handheld_bench,Handheld bench fixture,military-air,Military air,diamond-srh77ca,with BNC adapter,averaged_zoom,isolated resonance,1.2292686588707056,10.9096883877141,44.44066931305098,6.54934506549345,16.0983901609839
diamond-srh77ca,Diamond SRH77CA,handheld_bench,Handheld bench fixture,federal-uhf,Federal UHF,diamond-srh77ca,with BNC adapter,averaged_zoom,partial only,1.864752546569735,2.6934246744552284,3.9994700069903653,6.946526736631684,64.8175912043978
diamond-srh77ca,Diamond SRH77CA,handheld_bench,Handheld bench fixture,70cm,70cm amateur,diamond-srh77ca,with BNC adapter,averaged_zoom,broad <=3:1,1.457444299041468,1.858109539764812,4.019074681603611,57.44751749416861,83.03898700433189
diamond-srh77ca,Diamond SRH77CA,handheld_bench,Handheld bench fixture,uhf-lmr,UHF LMR,diamond-srh77ca,with BNC adapter,broadband,gap,3.3117480679813154,4.58726984064603,5.875311760450526,0.0,0.0
diamond-srh77ca,Diamond SRH77CA,handheld_bench,Handheld bench fixture,t-band,T-band,diamond-srh77ca,with BNC adapter,broadband,gap,4.439984040739408,6.5803133376990415,9.357681229409513,0.0,0.0
diamond-srh77ca,Diamond SRH77CA,handheld_bench,Handheld bench fixture,700-public-safety-downlink,700 MHz public safety,diamond-srh77ca,with BNC adapter,broadband,gap,30.410904975484517,35.66783555352966,54.85933839954904,0.0,0.0
diamond-srh77ca,Diamond SRH77CA,handheld_bench,Handheld bench fixture,800-public-safety-downlink,800 MHz public safety,diamond-srh77ca,with BNC adapter,broadband,gap,11.755515991790594,13.697337735849484,15.562629607463096,0.0,0.0
diamond-srh77ca,Diamond SRH77CA,handheld_bench,Handheld bench fixture,33cm,33cm amateur,diamond-srh77ca,with BNC adapter,broadband,gap,3.2415433895844035,5.135525463484092,6.181235200507175,0.0,0.0
diamond-srh77ca,Diamond SRH77CA,handheld_bench,Handheld bench fixture,900-trunking-downlink,900 MHz trunking,diamond-srh77ca,with BNC adapter,broadband,gap,4.415662278121459,4.586939585832625,5.125908667980591,0.0,0.0
diamond-srh77ca,Diamond SRH77CA,handheld_bench,Handheld bench fixture,uat-978,UAT 978,diamond-srh77ca,with BNC adapter,broadband,gap,3.513069957518607,4.276800068293066,4.552010487917958,0.0,0.0
diamond-srh77ca,Diamond SRH77CA,handheld_bench,Handheld bench fixture,ads-b-1090,ADS-B 1090,diamond-srh77ca,with BNC adapter,broadband,gap,2.837933229683081,3.149529414725673,3.2861031494966917,0.0,0.7194244604316546
generic-extendable,Generic extendable whip,handheld_bench,Handheld bench fixture,6m,6m amateur,generic-extendable:setting-3,setting 3,broadband,gap,2.2196284253527208,155.5117252138352,very poor / outside calibrated dynamic range,0.0,12.142857142857142
generic-extendable,Generic extendable whip,handheld_bench,Handheld bench fixture,fm-broadcast,FM broadcast,generic-extendable:setting-4,setting 4,broadband,partial only,1.0278572348602828,3.431177151685989,14.365174904401071,22.701149425287355,41.666666666666664
generic-extendable,Generic extendable whip,handheld_bench,Handheld bench fixture,civil-air,Civil air,generic-extendable:setting-3,setting 3,broadband,isolated resonance,1.6481513476341494,59.067557377488626,very poor / outside calibrated dynamic range,5.900151285930408,14.372163388804841
generic-extendable,Generic extendable whip,handheld_bench,Handheld bench fixture,2m,2m amateur,generic-extendable:setting-10,setting 10,broadband,gap,35.3840662248502,41.88886649696339,51.83226976806671,0.0,0.0
generic-extendable,Generic extendable whip,handheld_bench,Handheld bench fixture,vhf-lmr,VHF LMR,generic-extendable:setting-6,setting 6,broadband,gap,23.99535535231444,44.29883480876289,92.3596854481714,0.0,0.0
generic-extendable,Generic extendable whip,handheld_bench,Handheld bench fixture,marine-vhf,Marine VHF,generic-extendable:setting-6,setting 6,broadband,gap,44.30515147886262,56.70342224359095,76.16500224166268,0.0,0.0
generic-extendable,Generic extendable whip,handheld_bench,Handheld bench fixture,railroad,Railroad,generic-extendable:setting-6,setting 6,broadband,gap,45.24383955564604,48.1662307236396,53.84893139833243,0.0,0.0
generic-extendable,Generic extendable whip,handheld_bench,Handheld bench fixture,noaa-weather,NOAA weather,generic-extendable:setting-6,setting 6,broadband,gap,42.0802363340147,43.172644950122844,43.638602194583335,0.0,0.0
generic-extendable,Generic extendable whip,handheld_bench,Handheld bench fixture,1.25m,1.25m amateur,generic-extendable:setting-4,setting 4,broadband,gap,6.1373500631279,6.54303941295685,7.309361368091341,0.0,0.0
generic-extendable,Generic extendable whip,handheld_bench,Handheld bench fixture,military-air,Military air,generic-extendable:setting-3,setting 3,broadband,isolated resonance,1.007320404498676,17.775538774112604,very poor / outside calibrated dynamic range,6.620666995235748,13.29061935271891
generic-extendable,Generic extendable whip,handheld_bench,Handheld bench fixture,federal-uhf,Federal UHF,generic-extendable:setting-1,setting 1,averaged_zoom,gap,3.3431641738428928,4.659164438672707,6.6353167695936675,0.0,0.0
generic-extendable,Generic extendable whip,handheld_bench,Handheld bench fixture,70cm,70cm amateur,generic-extendable:setting-3,setting 3,broadband,partial only,2.62687024550414,4.181322545164461,12.389793200031708,0.0,20.114942528735632
generic-extendable,Generic extendable whip,handheld_bench,Handheld bench fixture,uhf-lmr,UHF LMR,generic-extendable:setting-3,setting 3,broadband,partial only,2.6448071169439706,3.345535862264291,4.121626441976199,0.0,29.928057553956833
generic-extendable,Generic extendable whip,handheld_bench,Handheld bench fixture,t-band,T-band,generic-extendable:setting-3,setting 3,broadband,gap,2.974589843299617,6.134666411913668,10.752716687904252,0.0,0.06844626967830253
generic-extendable,Generic extendable whip,handheld_bench,Handheld bench fixture,700-public-safety-downlink,700 MHz public safety,generic-extendable:setting-8,setting 8,broadband,gap,20.570692873184196,23.406683704686507,26.23696063828464,0.0,0.0
generic-extendable,Generic extendable whip,handheld_bench,Handheld bench fixture,800-public-safety-downlink,800 MHz public safety,generic-extendable:setting-2,setting 2,broadband,isolated resonance,1.0618890439789468,very poor / outside calibrated dynamic range,very poor / outside calibrated dynamic range,6.8690095846645365,13.89776357827476
generic-extendable,Generic extendable whip,handheld_bench,Handheld bench fixture,33cm,33cm amateur,generic-extendable:setting-8,setting 8,broadband,gap,4.249018111520114,6.221604502255767,9.660201481856511,0.0,0.0
generic-extendable,Generic extendable whip,handheld_bench,Handheld bench fixture,900-trunking-downlink,900 MHz trunking,generic-extendable:setting-8,setting 8,broadband,gap,5.040844100959882,5.5083839394690655,5.947802283838503,0.0,0.0
generic-extendable,Generic extendable whip,handheld_bench,Handheld bench fixture,uat-978,UAT 978,generic-extendable:setting-9,setting 9,broadband,gap,4.165880611773095,4.94211472400632,5.66856828261232,0.0,0.0
generic-extendable,Generic extendable whip,handheld_bench,Handheld bench fixture,ads-b-1090,ADS-B 1090,generic-extendable:setting-10,setting 10,broadband,gap,2.9711906522062685,3.71027839234753,4.175811755067112,0.0,0.7194244604316546
uniden-sds150-stock,Uniden SDS150 stock rubber duck,handheld_bench,Handheld bench fixture,6m,6m amateur,uniden-sds150-stock:sma-direct,bare SMA plane,broadband,gap,234.60849704777021,245.0610590106193,256.66591083651485,0.0,0.0
uniden-sds150-stock,Uniden SDS150 stock rubber duck,handheld_bench,Handheld bench fixture,fm-broadcast,FM broadcast,uniden-sds150-stock,stock with adapter,broadband,gap,2.725329205289619,6.566533639460408,21.01070259303694,0.0,13.793103448275861
uniden-sds150-stock,Uniden SDS150 stock rubber duck,handheld_bench,Handheld bench fixture,civil-air,Civil air,uniden-sds150-stock:sma-direct,bare SMA plane,averaged_zoom,gap,5.319945049970799,7.240141055225093,18.405210903443976,0.0,0.0
uniden-sds150-stock,Uniden SDS150 stock rubber duck,handheld_bench,Handheld bench fixture,2m,2m amateur,uniden-sds150-stock:sma-direct,bare SMA plane,averaged_zoom,gap,8.522666077104212,8.698457968520904,9.092866594593449,0.0,0.0
uniden-sds150-stock,Uniden SDS150 stock rubber duck,handheld_bench,Handheld bench fixture,vhf-lmr,VHF LMR,uniden-sds150-stock,stock with adapter,broadband,gap,2.6859683309750837,29.564460249437644,very poor / outside calibrated dynamic range,0.0,10.89820359281437
uniden-sds150-stock,Uniden SDS150 stock rubber duck,handheld_bench,Handheld bench fixture,marine-vhf,Marine VHF,uniden-sds150-stock:sma-direct,bare SMA plane,averaged_zoom,gap,5.546606621356287,7.149198550522775,8.58257487183654,0.0,0.0
uniden-sds150-stock,Uniden SDS150 stock rubber duck,handheld_bench,Handheld bench fixture,railroad,Railroad,uniden-sds150-stock:sma-direct,bare SMA plane,averaged_zoom,gap,5.774796106691604,6.304798907350767,6.787010467901622,0.0,0.0
uniden-sds150-stock,Uniden SDS150 stock rubber duck,handheld_bench,Handheld bench fixture,noaa-weather,NOAA weather,uniden-sds150-stock:sma-direct,bare SMA plane,averaged_zoom,gap,5.033615375045248,5.166785976146825,5.494826551834042,0.0,0.0
uniden-sds150-stock,Uniden SDS150 stock rubber duck,handheld_bench,Handheld bench fixture,1.25m,1.25m amateur,uniden-sds150-stock:sma-direct,bare SMA plane,averaged_zoom,gap,65.25945687295646,70.30238857705749,116.9522815915033,0.0,0.0
uniden-sds150-stock,Uniden SDS150 stock rubber duck,handheld_bench,Handheld bench fixture,military-air,Military air,uniden-sds150-stock:sma-direct,bare SMA plane,averaged_zoom,gap,3.471811739413603,22.951946514884618,88.99459639791334,0.0,0.0
uniden-sds150-stock,Uniden SDS150 stock rubber duck,handheld_bench,Handheld bench fixture,federal-uhf,Federal UHF,uniden-sds150-stock,stock with adapter,averaged_zoom,broad <=3:1,1.0947740072839829,1.8780239007465516,3.0218525087883905,55.77211394302849,98.90054972513744
uniden-sds150-stock,Uniden SDS150 stock rubber duck,handheld_bench,Handheld bench fixture,70cm,70cm amateur,uniden-sds150-stock,stock with adapter,averaged_zoom,partial only,1.0545070067441282,3.214707714525424,5.532081019210208,31.789403532155948,47.317560813062315
uniden-sds150-stock,Uniden SDS150 stock rubber duck,handheld_bench,Handheld bench fixture,uhf-lmr,UHF LMR,uniden-sds150-stock,stock with adapter,averaged_zoom,broad <=3:1,1.8020646941997152,2.120090098561936,3.631172112735001,37.68115942028985,89.30534732633683
uniden-sds150-stock,Uniden SDS150 stock rubber duck,handheld_bench,Handheld bench fixture,t-band,T-band,uniden-sds150-stock:sma-direct,bare SMA plane,averaged_zoom,partial only,2.405367233575313,2.942732189451891,4.336860966936543,0.0,52.31192201949513
uniden-sds150-stock,Uniden SDS150 stock rubber duck,handheld_bench,Handheld bench fixture,700-public-safety-downlink,700 MHz public safety,uniden-sds150-stock:sma-direct,bare SMA plane,averaged_zoom,gap,5.140820651409308,5.369192401789105,5.445862477937316,0.0,0.0
uniden-sds150-stock,Uniden SDS150 stock rubber duck,handheld_bench,Handheld bench fixture,800-public-safety-downlink,800 MHz public safety,uniden-sds150-stock:sma-direct,bare SMA plane,averaged_zoom,gap,4.2394226407308215,4.823375186072035,5.967295197348357,0.0,0.0
uniden-sds150-stock,Uniden SDS150 stock rubber duck,handheld_bench,Handheld bench fixture,33cm,33cm amateur,uniden-sds150-stock,stock with adapter,broadband,gap,3.0144056860884305,3.6256042597235876,4.071925941895934,0.0,0.0
uniden-sds150-stock,Uniden SDS150 stock rubber duck,handheld_bench,Handheld bench fixture,900-trunking-downlink,900 MHz trunking,uniden-sds150-stock,stock with adapter,broadband,gap,3.068795128046708,3.176072065547376,3.3584855141812526,0.0,0.0
uniden-sds150-stock,Uniden SDS150 stock rubber duck,handheld_bench,Handheld bench fixture,uat-978,UAT 978,uniden-sds150-stock,stock with adapter,broadband,broad <=3:1,2.387408569808326,2.532434567971973,2.6823676343432727,0.0,100.0
uniden-sds150-stock,Uniden SDS150 stock rubber duck,handheld_bench,Handheld bench fixture,ads-b-1090,ADS-B 1090,uniden-sds150-stock,stock with adapter,broadband,broad <=3:1,2.472920452085307,2.5961115661579135,2.7728858402251,0.0,100.0
taurus-triband-vehicle,Taurus triband vehicle antenna,vehicle_installed,Installed vehicle,6m,6m amateur,taurus-triband-vehicle,installed on vehicle,broadband,gap,4.200249398278073,5.126478680359158,8.217029279599643,0.0,0.0
taurus-triband-vehicle,Taurus triband vehicle antenna,vehicle_installed,Installed vehicle,fm-broadcast,FM broadcast,taurus-triband-vehicle,installed on vehicle,broadband,gap,6.855140417942043,8.72243433700499,10.943110661411552,0.0,0.0
taurus-triband-vehicle,Taurus triband vehicle antenna,vehicle_installed,Installed vehicle,civil-air,Civil air,taurus-triband-vehicle,installed on vehicle,broadband,gap,5.259613611656336,6.1713685060123415,7.947684089563394,0.0,0.0
taurus-triband-vehicle,Taurus triband vehicle antenna,vehicle_installed,Installed vehicle,2m,2m amateur,taurus-triband-vehicle,installed on vehicle,averaged_zoom,gap,4.054170020675967,4.198534658967219,4.275586556078916,0.0,0.0
taurus-triband-vehicle,Taurus triband vehicle antenna,vehicle_installed,Installed vehicle,vhf-lmr,VHF LMR,taurus-triband-vehicle,installed on vehicle,averaged_zoom,broad <=3:1,1.3739102568998662,2.495546822583529,3.7207496847132595,32.93353323338331,82.70864567716141
taurus-triband-vehicle,Taurus triband vehicle antenna,vehicle_installed,Installed vehicle,marine-vhf,Marine VHF,taurus-triband-vehicle,installed on vehicle,averaged_zoom,broad <=3:1,2.4949715485583535,2.684935749546108,2.8520285946976216,0.0,100.0
taurus-triband-vehicle,Taurus triband vehicle antenna,vehicle_installed,Installed vehicle,railroad,Railroad,taurus-triband-vehicle,installed on vehicle,averaged_zoom,broad <=3:1,2.5326957521997846,2.595310436370928,2.646429658970233,0.0,100.0
taurus-triband-vehicle,Taurus triband vehicle antenna,vehicle_installed,Installed vehicle,noaa-weather,NOAA weather,taurus-triband-vehicle,installed on vehicle,averaged_zoom,broad <=3:1,2.4356776647865446,2.452512395448213,2.4665917600323226,0.0,100.0
taurus-triband-vehicle,Taurus triband vehicle antenna,vehicle_installed,Installed vehicle,1.25m,1.25m amateur,taurus-triband-vehicle,installed on vehicle,broadband,gap,4.02865025551399,4.068857641955716,4.244300846456354,0.0,0.0
taurus-triband-vehicle,Taurus triband vehicle antenna,vehicle_installed,Installed vehicle,military-air,Military air,taurus-triband-vehicle,installed on vehicle,broadband,gap,2.641039987299069,4.119096418277927,6.004957506694335,0.0,8.033514046328241
taurus-triband-vehicle,Taurus triband vehicle antenna,vehicle_installed,Installed vehicle,federal-uhf,Federal UHF,taurus-triband-vehicle,installed on vehicle,averaged_zoom,partial only,2.4647401403426294,3.5832556709452903,4.930716070767018,0.0,23.138430784607696
taurus-triband-vehicle,Taurus triband vehicle antenna,vehicle_installed,Installed vehicle,70cm,70cm amateur,taurus-triband-vehicle,installed on vehicle,averaged_zoom,partial only,2.2379107406376915,2.945796661195055,3.9766676809623664,0.0,52.31589470176608
taurus-triband-vehicle,Taurus triband vehicle antenna,vehicle_installed,Installed vehicle,uhf-lmr,UHF LMR,taurus-triband-vehicle,installed on vehicle,averaged_zoom,partial only,2.153455914015925,2.852473532341192,3.9486573521034147,0.0,55.72213893053473
taurus-triband-vehicle,Taurus triband vehicle antenna,vehicle_installed,Installed vehicle,t-band,T-band,taurus-triband-vehicle,installed on vehicle,averaged_zoom,partial only,1.5854279364555643,2.4075993637148536,3.754499583707375,25.418645338665332,78.20544863784053
taurus-triband-vehicle,Taurus triband vehicle antenna,vehicle_installed,Installed vehicle,700-public-safety-downlink,700 MHz public safety,taurus-triband-vehicle,installed on vehicle,averaged_zoom,partial only,2.1389664966228215,3.2760292684331707,3.7093530681271187,0.0,37.162837162837164
taurus-triband-vehicle,Taurus triband vehicle antenna,vehicle_installed,Installed vehicle,800-public-safety-downlink,800 MHz public safety,taurus-triband-vehicle,installed on vehicle,averaged_zoom,partial only,1.0139035901184386,2.171265687173603,4.086816854923383,44.47776111944028,64.41779110444777
taurus-triband-vehicle,Taurus triband vehicle antenna,vehicle_installed,Installed vehicle,33cm,33cm amateur,taurus-triband-vehicle,installed on vehicle,averaged_zoom,partial only,1.0504582298093887,3.1368358366116853,4.905963191095462,26.136931534232883,47.276361819090454
taurus-triband-vehicle,Taurus triband vehicle antenna,vehicle_installed,Installed vehicle,900-trunking-downlink,900 MHz trunking,taurus-triband-vehicle,installed on vehicle,averaged_zoom,partial only,1.6135430868605096,3.2072875160993704,4.852726809910045,15.584415584415584,45.25474525474525
taurus-triband-vehicle,Taurus triband vehicle antenna,vehicle_installed,Installed vehicle,uat-978,UAT 978,taurus-triband-vehicle,installed on vehicle,averaged_zoom,gap,2.7616470592322946,3.6019215812632432,3.8678304190127477,0.0,10.78921078921079
taurus-triband-vehicle,Taurus triband vehicle antenna,vehicle_installed,Installed vehicle,ads-b-1090,ADS-B 1090,taurus-triband-vehicle,installed on vehicle,averaged_zoom,partial only,2.125595771820683,3.4749500486354625,5.180869918295491,0.0,34.065934065934066
diamond-rh77ca,Diamond RH77CA,handheld_bench,Handheld bench fixture,6m,6m amateur,diamond-rh77ca:second-mounting,second mounting,broadband,gap,71.25361371358065,77.65198591372926,82.93615839809381,0.0,0.0
diamond-rh77ca,Diamond RH77CA,handheld_bench,Handheld bench fixture,fm-broadcast,FM broadcast,diamond-rh77ca:second-mounting,second mounting,averaged_zoom,gap,4.155512388878643,12.774762621062703,16.24263622319374,0.0,0.0
diamond-rh77ca,Diamond RH77CA,handheld_bench,Handheld bench fixture,civil-air,Civil air,diamond-rh77ca,first mounting,averaged_zoom,broad <=3:1,1.5611232440756704,2.127626528376058,4.408667316438327,42.4287856071964,80.35982008995502
diamond-rh77ca,Diamond RH77CA,handheld_bench,Handheld bench fixture,2m,2m amateur,diamond-rh77ca,first mounting,averaged_zoom,gap,4.2625373106726565,4.622004460132208,5.305415882333112,0.0,0.0
diamond-rh77ca,Diamond RH77CA,handheld_bench,Handheld bench fixture,vhf-lmr,VHF LMR,diamond-rh77ca:second-mounting,second mounting,averaged_zoom,partial only,2.208089406809953,5.037468398596988,6.39798799017164,0.0,32.083958020989506
diamond-rh77ca,Diamond RH77CA,handheld_bench,Handheld bench fixture,marine-vhf,Marine VHF,diamond-rh77ca,first mounting,averaged_zoom,gap,3.39763342234812,4.357289120759165,4.854126636203455,0.0,0.0
diamond-rh77ca,Diamond RH77CA,handheld_bench,Handheld bench fixture,railroad,Railroad,diamond-rh77ca,first mounting,averaged_zoom,gap,4.16428954785763,4.341751153094953,4.47131555458387,0.0,0.0
diamond-rh77ca,Diamond RH77CA,handheld_bench,Handheld bench fixture,noaa-weather,NOAA weather,diamond-rh77ca,first mounting,averaged_zoom,gap,3.655195586836325,3.698834426988556,3.723073519720181,0.0,0.0
diamond-rh77ca,Diamond RH77CA,handheld_bench,Handheld bench fixture,1.25m,1.25m amateur,diamond-rh77ca:second-mounting,second mounting,averaged_zoom,gap,3.6613624195941044,3.6771094503371953,3.7822176656624644,0.0,0.0
diamond-rh77ca,Diamond RH77CA,handheld_bench,Handheld bench fixture,military-air,Military air,diamond-rh77ca,first mounting,averaged_zoom,isolated resonance,1.1468421789617724,7.066555266548013,11.051806140685098,8.7991200879912,15.73842615738426
diamond-rh77ca,Diamond RH77CA,handheld_bench,Handheld bench fixture,federal-uhf,Federal UHF,diamond-rh77ca:second-mounting,second mounting,averaged_zoom,broad <=2:1,1.3002601628693884,1.3697733798893519,1.7663286731822376,100.0,100.0
diamond-rh77ca,Diamond RH77CA,handheld_bench,Handheld bench fixture,70cm,70cm amateur,diamond-rh77ca:second-mounting,second mounting,averaged_zoom,partial only,1.782523194992419,3.070170245216021,4.3802076544837485,7.064311896034655,46.45118293902033
diamond-rh77ca,Diamond RH77CA,handheld_bench,Handheld bench fixture,uhf-lmr,UHF LMR,diamond-rh77ca:second-mounting,second mounting,averaged_zoom,gap,4.060103162465852,4.796381355958044,8.574207961813693,0.0,0.0
diamond-rh77ca,Diamond RH77CA,handheld_bench,Handheld bench fixture,t-band,T-band,diamond-rh77ca:second-mounting,second mounting,averaged_zoom,gap,4.83481252513476,5.856931165308145,6.551592707187127,0.0,0.0
diamond-rh77ca,Diamond RH77CA,handheld_bench,Handheld bench fixture,700-public-safety-downlink,700 MHz public safety,diamond-rh77ca,first mounting,averaged_zoom,gap,8.474556354446488,8.582943408467822,8.678829789184975,0.0,0.0
diamond-rh77ca,Diamond RH77CA,handheld_bench,Handheld bench fixture,800-public-safety-downlink,800 MHz public safety,diamond-rh77ca:second-mounting,second mounting,averaged_zoom,gap,9.197707578255024,9.51056588441462,9.856925790452589,0.0,0.0
diamond-rh77ca,Diamond RH77CA,handheld_bench,Handheld bench fixture,33cm,33cm amateur,diamond-rh77ca:second-mounting,second mounting,averaged_zoom,gap,7.05901418970473,10.692001874581575,13.416116190559391,0.0,0.0
diamond-rh77ca,Diamond RH77CA,handheld_bench,Handheld bench fixture,900-trunking-downlink,900 MHz trunking,diamond-rh77ca:second-mounting,second mounting,averaged_zoom,gap,10.019987096780435,10.685049804760888,11.3429542172397,0.0,0.0
diamond-rh77ca,Diamond RH77CA,handheld_bench,Handheld bench fixture,uat-978,UAT 978,diamond-rh77ca,first mounting,averaged_zoom,gap,8.58275715277723,10.282942709938489,11.29068027137399,0.0,0.0
diamond-rh77ca,Diamond RH77CA,handheld_bench,Handheld bench fixture,ads-b-1090,ADS-B 1090,diamond-rh77ca,first mounting,averaged_zoom,gap,10.112239690130377,11.02395514209803,15.961750911503378,0.0,0.0
diamond-srh320a,Diamond SRH320A,handheld_bench,Handheld bench fixture,6m,6m amateur,diamond-srh320a,with BNC-to-SMA adapter,broadband,gap,177.65101153618554,196.50224775482224,209.75108124679966,0.0,0.0
diamond-srh320a,Diamond SRH320A,handheld_bench,Handheld bench fixture,fm-broadcast,FM broadcast,diamond-srh320a,with BNC-to-SMA adapter,averaged_zoom,gap,67.40420351270835,78.40129705313056,81.1159001976875,0.0,0.0
diamond-srh320a,Diamond SRH320A,handheld_bench,Handheld bench fixture,civil-air,Civil air,diamond-srh320a,with BNC-to-SMA adapter,averaged_zoom,gap,8.175329161036135,13.326556566391169,17.48988138279573,0.0,0.0
diamond-srh320a,Diamond SRH320A,handheld_bench,Handheld bench fixture,2m,2m amateur,diamond-srh320a,with BNC-to-SMA adapter,averaged_zoom,broad <=3:1,2.0591948681156853,2.456325192461982,2.9824860481506343,0.0,100.0
diamond-srh320a,Diamond SRH320A,handheld_bench,Handheld bench fixture,vhf-lmr,VHF LMR,diamond-srh320a,with BNC-to-SMA adapter,averaged_zoom,partial only,1.0417726435590544,2.461405453256655,3.0945067235181387,43.22838580709645,76.21189405297352
diamond-srh320a,Diamond SRH320A,handheld_bench,Handheld bench fixture,marine-vhf,Marine VHF,diamond-srh320a,with BNC-to-SMA adapter,averaged_zoom,broad <=3:1,1.0632035524735717,1.6386161705358877,2.4602389875554334,72.72727272727273,100.0
diamond-srh320a,Diamond SRH320A,handheld_bench,Handheld bench fixture,railroad,Railroad,diamond-srh320a,with BNC-to-SMA adapter,averaged_zoom,broad <=3:1,1.8491591157527985,2.0889384995837297,2.3425379674542706,32.06793206793207,100.0
diamond-srh320a,Diamond SRH320A,handheld_bench,Handheld bench fixture,noaa-weather,NOAA weather,diamond-srh320a,with BNC-to-SMA adapter,averaged_zoom,broad <=3:1,2.556477891058252,2.577521480923095,2.661879497194948,0.0,100.0
diamond-srh320a,Diamond SRH320A,handheld_bench,Handheld bench fixture,1.25m,1.25m amateur,diamond-srh320a,with BNC-to-SMA adapter,averaged_zoom,broad <=2:1,1.3896916934118426,1.4422552822333217,1.4625024299728078,100.0,100.0
diamond-srh320a,Diamond SRH320A,handheld_bench,Handheld bench fixture,military-air,Military air,diamond-srh320a,with BNC-to-SMA adapter,averaged_zoom,isolated resonance,1.3480224436223216,7.194406259638512,11.31055305449274,7.109289071092891,18.298170182981703
diamond-srh320a,Diamond SRH320A,handheld_bench,Handheld bench fixture,federal-uhf,Federal UHF,diamond-srh320a,with BNC-to-SMA adapter,averaged_zoom,broad <=2:1,1.075332325471934,1.302949247296636,2.070968996235766,96.35182408795602,100.0
diamond-srh320a,Diamond SRH320A,handheld_bench,Handheld bench fixture,70cm,70cm amateur,diamond-srh320a,with BNC-to-SMA adapter,averaged_zoom,gap,2.0674826620323508,4.709578284467442,7.282603149219756,0.0,19.79340219926691
diamond-srh320a,Diamond SRH320A,handheld_bench,Handheld bench fixture,uhf-lmr,UHF LMR,diamond-srh320a,with BNC-to-SMA adapter,averaged_zoom,gap,7.149138800630876,8.986092144543273,20.242009545367353,0.0,0.0
diamond-srh320a,Diamond SRH320A,handheld_bench,Handheld bench fixture,t-band,T-band,diamond-srh320a,with BNC-to-SMA adapter,averaged_zoom,gap,10.631535690964338,13.660192947247953,18.348997407973464,0.0,0.0
diamond-srh320a,Diamond SRH320A,handheld_bench,Handheld bench fixture,700-public-safety-downlink,700 MHz public safety,diamond-srh320a,with BNC-to-SMA adapter,averaged_zoom,gap,14.189429854562755,17.612353408228895,18.937103558877695,0.0,0.0
diamond-srh320a,Diamond SRH320A,handheld_bench,Handheld bench fixture,800-public-safety-downlink,800 MHz public safety,diamond-srh320a,with BNC-to-SMA adapter,averaged_zoom,gap,16.861608621880467,18.006458969754682,18.782431924654407,0.0,0.0
diamond-srh320a,Diamond SRH320A,handheld_bench,Handheld bench fixture,33cm,33cm amateur,diamond-srh320a,with BNC-to-SMA adapter,broadband,gap,21.00745406418416,26.394115253716343,36.1800738639136,0.0,0.0
diamond-srh320a,Diamond SRH320A,handheld_bench,Handheld bench fixture,900-trunking-downlink,900 MHz trunking,diamond-srh320a,with BNC-to-SMA adapter,averaged_zoom,gap,37.42687967034014,54.564952008789746,97.56079214121051,0.0,0.0
diamond-srh320a,Diamond SRH320A,handheld_bench,Handheld bench fixture,uat-978,UAT 978,diamond-srh320a,with BNC-to-SMA adapter,unmeasured,gap,very poor / outside calibrated dynamic range,very poor / outside calibrated dynamic range,very poor / outside calibrated dynamic range,0.0,0.0
diamond-srh320a,Diamond SRH320A,handheld_bench,Handheld bench fixture,ads-b-1090,ADS-B 1090,diamond-srh320a,with BNC-to-SMA adapter,unmeasured,gap,very poor / outside calibrated dynamic range,very poor / outside calibrated dynamic range,very poor / outside calibrated dynamic range,0.0,0.0
signal-stick,Signal Stick (no counterpoise),handheld_bench,Handheld bench fixture,6m,6m amateur,signal-stick,no counterpoise,broadband,gap,69.04649368378767,78.30052567021762,86.86784460687049,0.0,0.0
signal-stick,Signal Stick (no counterpoise),handheld_bench,Handheld bench fixture,fm-broadcast,FM broadcast,signal-stick,no counterpoise,averaged_zoom,gap,4.0699175773673195,14.463233463027233,18.934510544719675,0.0,0.0
signal-stick,Signal Stick (no counterpoise),handheld_bench,Handheld bench fixture,civil-air,Civil air,signal-stick,no counterpoise,averaged_zoom,partial only,1.797295101763659,3.9225856603422375,9.19438596593788,18.740629685157423,34.832583708145926
signal-stick,Signal Stick (no counterpoise),handheld_bench,Handheld bench fixture,2m,2m amateur,signal-stick,no counterpoise,averaged_zoom,gap,6.404918181342192,6.535774904719409,6.842833820989134,0.0,0.0
signal-stick,Signal Stick (no counterpoise),handheld_bench,Handheld bench fixture,vhf-lmr,VHF LMR,signal-stick,no counterpoise,averaged_zoom,partial only,2.555738693043208,3.8440297200781073,6.399056696898653,0.0,40.8295852073963
signal-stick,Signal Stick (no counterpoise),handheld_bench,Handheld bench fixture,marine-vhf,Marine VHF,signal-stick,no counterpoise,averaged_zoom,gap,3.7049773553583165,4.797382866034178,6.320636571509426,0.0,0.0
signal-stick,Signal Stick (no counterpoise),handheld_bench,Handheld bench fixture,railroad,Railroad,signal-stick,no counterpoise,averaged_zoom,gap,3.9544373224821774,4.219804327512652,4.51027208326308,0.0,0.0
signal-stick,Signal Stick (no counterpoise),handheld_bench,Handheld bench fixture,noaa-weather,NOAA weather,signal-stick,no counterpoise,averaged_zoom,gap,3.5518262919424015,3.6263605297950443,3.6936521179939796,0.0,0.0
signal-stick,Signal Stick (no counterpoise),handheld_bench,Handheld bench fixture,1.25m,1.25m amateur,signal-stick,no counterpoise,averaged_zoom,gap,11.06253067919455,11.691219266894489,12.680920070623536,0.0,0.0
signal-stick,Signal Stick (no counterpoise),handheld_bench,Handheld bench fixture,military-air,Military air,signal-stick,no counterpoise,averaged_zoom,gap,2.0827589057037743,16.074050659475873,28.809565610248974,0.0,9.54904509549045
signal-stick,Signal Stick (no counterpoise),handheld_bench,Handheld bench fixture,federal-uhf,Federal UHF,signal-stick,no counterpoise,averaged_zoom,partial only,2.2386314631123176,2.7623607060949964,4.578037969715641,0.0,70.11494252873563
signal-stick,Signal Stick (no counterpoise),handheld_bench,Handheld bench fixture,70cm,70cm amateur,signal-stick,no counterpoise,averaged_zoom,gap,3.3932265819453247,5.276970615583229,7.441305886717427,0.0,0.0
signal-stick,Signal Stick (no counterpoise),handheld_bench,Handheld bench fixture,uhf-lmr,UHF LMR,signal-stick,no counterpoise,averaged_zoom,gap,6.35476531260519,7.245261192438397,19.75194184481718,0.0,0.0
signal-stick,Signal Stick (no counterpoise),handheld_bench,Handheld bench fixture,t-band,T-band,signal-stick,no counterpoise,averaged_zoom,gap,7.144962923444406,9.979029940316444,12.817265410975828,0.0,0.0
signal-stick,Signal Stick (no counterpoise),handheld_bench,Handheld bench fixture,700-public-safety-downlink,700 MHz public safety,signal-stick,no counterpoise,averaged_zoom,gap,7.359756013739019,7.7634003243408545,8.078749856084638,0.0,0.0
signal-stick,Signal Stick (no counterpoise),handheld_bench,Handheld bench fixture,800-public-safety-downlink,800 MHz public safety,signal-stick,no counterpoise,averaged_zoom,gap,11.508856031329344,11.926385756847605,12.584469794048228,0.0,0.0
signal-stick,Signal Stick (no counterpoise),handheld_bench,Handheld bench fixture,33cm,33cm amateur,signal-stick,no counterpoise,averaged_zoom,gap,6.315576481661588,8.173415948680434,11.254560653877588,0.0,0.0
signal-stick,Signal Stick (no counterpoise),handheld_bench,Handheld bench fixture,900-trunking-downlink,900 MHz trunking,signal-stick,no counterpoise,averaged_zoom,gap,6.221492720617615,6.781361035203544,7.134409004586226,0.0,0.0
signal-stick,Signal Stick (no counterpoise),handheld_bench,Handheld bench fixture,uat-978,UAT 978,signal-stick,no counterpoise,averaged_zoom,gap,4.8097840215855525,5.147919904351284,5.297478456560564,0.0,0.0
signal-stick,Signal Stick (no counterpoise),handheld_bench,Handheld bench fixture,ads-b-1090,ADS-B 1090,signal-stick,no counterpoise,averaged_zoom,gap,6.202261274269464,6.547598020915805,8.591032858375973,0.0,0.0
signal-stick-counterpoise,Signal Stick with counterpoise,handheld_bench,Handheld bench fixture,6m,6m amateur,signal-stick-counterpoise,with ~19.5 in counterpoise,broadband,gap,78.28625517930162,87.51267766074008,94.73863493759218,0.0,0.0
signal-stick-counterpoise,Signal Stick with counterpoise,handheld_bench,Handheld bench fixture,fm-broadcast,FM broadcast,signal-stick-counterpoise,with ~19.5 in counterpoise,averaged_zoom,gap,6.289855423203021,20.516178815191548,29.094989188916966,0.0,0.0
signal-stick-counterpoise,Signal Stick with counterpoise,handheld_bench,Handheld bench fixture,civil-air,Civil air,signal-stick-counterpoise,with ~19.5 in counterpoise,averaged_zoom,partial only,1.6556526392895552,3.5906811434041925,4.006458031177446,9.195402298850574,33.483258370814596
signal-stick-counterpoise,Signal Stick with counterpoise,handheld_bench,Handheld bench fixture,2m,2m amateur,signal-stick-counterpoise,with ~19.5 in counterpoise,averaged_zoom,broad <=2:1,1.3864279423813373,1.6952979292607255,2.160574409112251,84.21578421578421,100.0
signal-stick-counterpoise,Signal Stick with counterpoise,handheld_bench,Handheld bench fixture,vhf-lmr,VHF LMR,signal-stick-counterpoise,with ~19.5 in counterpoise,averaged_zoom,gap,2.708654145888802,8.932125122267985,15.510818568050018,0.0,4.497751124437781
signal-stick-counterpoise,Signal Stick with counterpoise,handheld_bench,Handheld bench fixture,marine-vhf,Marine VHF,signal-stick-counterpoise,with ~19.5 in counterpoise,averaged_zoom,gap,4.31750047195945,6.509257920940672,9.593718199480948,0.0,0.0
signal-stick-counterpoise,Signal Stick with counterpoise,handheld_bench,Handheld bench fixture,railroad,Railroad,signal-stick-counterpoise,with ~19.5 in counterpoise,averaged_zoom,gap,6.943319003024727,7.884176841918969,8.683847749970523,0.0,0.0
signal-stick-counterpoise,Signal Stick with counterpoise,handheld_bench,Handheld bench fixture,noaa-weather,NOAA weather,signal-stick-counterpoise,with ~19.5 in counterpoise,averaged_zoom,gap,9.312532867701929,9.476316983535353,9.718734414697412,0.0,0.0
signal-stick-counterpoise,Signal Stick with counterpoise,handheld_bench,Handheld bench fixture,1.25m,1.25m amateur,signal-stick-counterpoise,with ~19.5 in counterpoise,averaged_zoom,gap,14.933215215585674,15.75141974986201,16.641305433772583,0.0,0.0
signal-stick-counterpoise,Signal Stick with counterpoise,handheld_bench,Handheld bench fixture,military-air,Military air,signal-stick-counterpoise,with ~19.5 in counterpoise,averaged_zoom,gap,2.520382602023441,17.05019185921203,34.447453088829434,0.0,7.229277072292771
signal-stick-counterpoise,Signal Stick with counterpoise,handheld_bench,Handheld bench fixture,federal-uhf,Federal UHF,signal-stick-counterpoise,with ~19.5 in counterpoise,averaged_zoom,broad <=3:1,2.5036055059835474,2.7584289678721303,4.463428463292739,0.0,99.70014992503748
signal-stick-counterpoise,Signal Stick with counterpoise,handheld_bench,Handheld bench fixture,70cm,70cm amateur,signal-stick-counterpoise,with ~19.5 in counterpoise,averaged_zoom,gap,2.9353646825356874,3.7757212114127587,4.802796915401723,0.0,3.898700433188937
signal-stick-counterpoise,Signal Stick with counterpoise,handheld_bench,Handheld bench fixture,uhf-lmr,UHF LMR,signal-stick-counterpoise,with ~19.5 in counterpoise,averaged_zoom,gap,4.749596073612206,6.07747748146698,15.809756507836944,0.0,0.0
signal-stick-counterpoise,Signal Stick with counterpoise,handheld_bench,Handheld bench fixture,t-band,T-band,signal-stick-counterpoise,with ~19.5 in counterpoise,averaged_zoom,gap,6.927384557633564,9.266232185428027,11.094858072759653,0.0,0.0
signal-stick-counterpoise,Signal Stick with counterpoise,handheld_bench,Handheld bench fixture,700-public-safety-downlink,700 MHz public safety,signal-stick-counterpoise,with ~19.5 in counterpoise,averaged_zoom,gap,7.60947979550582,8.056792609559707,8.49321045640904,0.0,0.0
signal-stick-counterpoise,Signal Stick with counterpoise,handheld_bench,Handheld bench fixture,800-public-safety-downlink,800 MHz public safety,signal-stick-counterpoise,with ~19.5 in counterpoise,averaged_zoom,gap,11.452817584676502,12.404423110545045,13.147412258333295,0.0,0.0
signal-stick-counterpoise,Signal Stick with counterpoise,handheld_bench,Handheld bench fixture,33cm,33cm amateur,signal-stick-counterpoise,with ~19.5 in counterpoise,averaged_zoom,gap,6.195853488072568,8.02740078458488,9.601326962470859,0.0,0.0
signal-stick-counterpoise,Signal Stick with counterpoise,handheld_bench,Handheld bench fixture,900-trunking-downlink,900 MHz trunking,signal-stick-counterpoise,with ~19.5 in counterpoise,averaged_zoom,gap,6.713725884842117,7.079850896963111,7.517082085080769,0.0,0.0
signal-stick-counterpoise,Signal Stick with counterpoise,handheld_bench,Handheld bench fixture,uat-978,UAT 978,signal-stick-counterpoise,with ~19.5 in counterpoise,averaged_zoom,gap,4.727465439302166,5.229183691926766,5.4539484313148865,0.0,0.0
signal-stick-counterpoise,Signal Stick with counterpoise,handheld_bench,Handheld bench fixture,ads-b-1090,ADS-B 1090,signal-stick-counterpoise,with ~19.5 in counterpoise,averaged_zoom,gap,7.361492530014938,8.324930278495636,10.539649548602696,0.0,0.0
tidradio-h9-stock,TIDRADIO TD-H9 stock antenna,handheld_sma,"Handheld bench fixture, SMA plane",6m,6m amateur,tidradio-h9-stock,SMA adapter plane,broadband,gap,636.0730169689747,685.6808485695567,830.8547980584794,0.0,0.0
tidradio-h9-stock,TIDRADIO TD-H9 stock antenna,handheld_sma,"Handheld bench fixture, SMA plane",fm-broadcast,FM broadcast,tidradio-h9-stock,SMA adapter plane,averaged_zoom,gap,61.67044108566987,106.2408897811776,128.45680954768852,0.0,0.0
tidradio-h9-stock,TIDRADIO TD-H9 stock antenna,handheld_sma,"Handheld bench fixture, SMA plane",civil-air,Civil air,tidradio-h9-stock,SMA adapter plane,averaged_zoom,gap,16.97243036234544,34.00035371372658,72.20023199946847,0.0,0.0
tidradio-h9-stock,TIDRADIO TD-H9 stock antenna,handheld_sma,"Handheld bench fixture, SMA plane",2m,2m amateur,tidradio-h9-stock,SMA adapter plane,averaged_zoom,gap,26.516593344153442,29.74069768167543,31.445655286190473,0.0,0.0
tidradio-h9-stock,TIDRADIO TD-H9 stock antenna,handheld_sma,"Handheld bench fixture, SMA plane",vhf-lmr,VHF LMR,tidradio-h9-stock,SMA adapter plane,averaged_zoom,gap,26.578705107519184,37.08138410292135,54.02413251491806,0.0,0.0
tidradio-h9-stock,TIDRADIO TD-H9 stock antenna,handheld_sma,"Handheld bench fixture, SMA plane",marine-vhf,Marine VHF,tidradio-h9-stock,SMA adapter plane,averaged_zoom,gap,23.747930542361075,36.32034335478786,78.60294606072996,0.0,0.0
tidradio-h9-stock,TIDRADIO TD-H9 stock antenna,handheld_sma,"Handheld bench fixture, SMA plane",railroad,Railroad,tidradio-h9-stock,SMA adapter plane,averaged_zoom,gap,35.66580302877985,40.779599755363975,43.7418400126527,0.0,0.0
tidradio-h9-stock,TIDRADIO TD-H9 stock antenna,handheld_sma,"Handheld bench fixture, SMA plane",noaa-weather,NOAA weather,tidradio-h9-stock,SMA adapter plane,averaged_zoom,gap,42.13539107393925,44.75493637520328,55.345402418016576,0.0,0.0
tidradio-h9-stock,TIDRADIO TD-H9 stock antenna,handheld_sma,"Handheld bench fixture, SMA plane",1.25m,1.25m amateur,tidradio-h9-stock,SMA adapter plane,averaged_zoom,gap,30.880312983759705,34.529587191149766,36.87425501781881,0.0,0.0
tidradio-h9-stock,TIDRADIO TD-H9 stock antenna,handheld_sma,"Handheld bench fixture, SMA plane",military-air,Military air,tidradio-h9-stock,SMA adapter plane,averaged_zoom,isolated resonance,1.9308711549822095,9.075444586926354,33.17166002181183,1.13988601139886,13.468653134686532
tidradio-h9-stock,TIDRADIO TD-H9 stock antenna,handheld_sma,"Handheld bench fixture, SMA plane",federal-uhf,Federal UHF,tidradio-h9-stock,SMA adapter plane,averaged_zoom,broad <=2:1,1.5419146904895618,1.6145451621507492,1.8486043118834832,100.0,100.0
tidradio-h9-stock,TIDRADIO TD-H9 stock antenna,handheld_sma,"Handheld bench fixture, SMA plane",70cm,70cm amateur,tidradio-h9-stock,SMA adapter plane,averaged_zoom,broad <=3:1,1.644791913991646,1.785649422510834,2.171723104825912,76.74108630456514,100.0
tidradio-h9-stock,TIDRADIO TD-H9 stock antenna,handheld_sma,"Handheld bench fixture, SMA plane",uhf-lmr,UHF LMR,tidradio-h9-stock,SMA adapter plane,averaged_zoom,broad <=3:1,2.0578846786957534,2.466569674943152,2.890060457639695,0.0,100.0
tidradio-h9-stock,TIDRADIO TD-H9 stock antenna,handheld_sma,"Handheld bench fixture, SMA plane",t-band,T-band,tidradio-h9-stock,SMA adapter plane,averaged_zoom,gap,2.8843932852047964,3.282168153565515,4.19989594107867,0.0,13.421644588852788
tidradio-h9-stock,TIDRADIO TD-H9 stock antenna,handheld_sma,"Handheld bench fixture, SMA plane",700-public-safety-downlink,700 MHz public safety,tidradio-h9-stock,SMA adapter plane,averaged_zoom,gap,9.668332815411707,9.84590031938532,10.294097115726107,0.0,0.0
tidradio-h9-stock,TIDRADIO TD-H9 stock antenna,handheld_sma,"Handheld bench fixture, SMA plane",800-public-safety-downlink,800 MHz public safety,tidradio-h9-stock,SMA adapter plane,averaged_zoom,gap,13.202276708470293,13.72036633742213,14.214431737009697,0.0,0.0
tidradio-h9-stock,TIDRADIO TD-H9 stock antenna,handheld_sma,"Handheld bench fixture, SMA plane",33cm,33cm amateur,tidradio-h9-stock,SMA adapter plane,averaged_zoom,gap,9.873980085937788,14.83185639291974,16.90088367780849,0.0,0.0
tidradio-h9-stock,TIDRADIO TD-H9 stock antenna,handheld_sma,"Handheld bench fixture, SMA plane",900-trunking-downlink,900 MHz trunking,tidradio-h9-stock,SMA adapter plane,averaged_zoom,gap,14.61625064050777,15.696027448345712,16.78531062897424,0.0,0.0
tidradio-h9-stock,TIDRADIO TD-H9 stock antenna,handheld_sma,"Handheld bench fixture, SMA plane",uat-978,UAT 978,tidradio-h9-stock,SMA adapter plane,averaged_zoom,gap,14.99844514039983,16.595767681639202,31.190645059884915,0.0,0.0
tidradio-h9-stock,TIDRADIO TD-H9 stock antenna,handheld_sma,"Handheld bench fixture, SMA plane",ads-b-1090,ADS-B 1090,tidradio-h9-stock,SMA adapter plane,averaged_zoom,gap,10.109424703914568,11.696093389854004,13.835206217792013,0.0,0.0
kenwood-thd75a-stock,Kenwood TH-D75A OEM antenna,handheld_sma,"Handheld bench fixture, SMA plane",6m,6m amateur,kenwood-thd75a-stock,bare SMA plane,broadband,gap,186.87835040995782,197.49131480856767,214.0122787908633,0.0,0.0
kenwood-thd75a-stock,Kenwood TH-D75A OEM antenna,handheld_sma,"Handheld bench fixture, SMA plane",fm-broadcast,FM broadcast,kenwood-thd75a-stock,bare SMA plane,averaged_zoom,gap,10.33622724478502,35.24695946006296,44.47994759055601,0.0,0.0
kenwood-thd75a-stock,Kenwood TH-D75A OEM antenna,handheld_sma,"Handheld bench fixture, SMA plane",civil-air,Civil air,kenwood-thd75a-stock,bare SMA plane,averaged_zoom,partial only,2.615508620327616,5.51884060557942,14.78993176220945,0.0,24.93753123438281
kenwood-thd75a-stock,Kenwood TH-D75A OEM antenna,handheld_sma,"Handheld bench fixture, SMA plane",2m,2m amateur,kenwood-thd75a-stock,bare SMA plane,averaged_zoom,gap,19.98040356049629,24.30742995520836,31.65034421415357,0.0,0.0
kenwood-thd75a-stock,Kenwood TH-D75A OEM antenna,handheld_sma,"Handheld bench fixture, SMA plane",vhf-lmr,VHF LMR,kenwood-thd75a-stock,bare SMA plane,averaged_zoom,gap,36.5874212998714,65.60036740590861,87.56314122158314,0.0,0.0
kenwood-thd75a-stock,Kenwood TH-D75A OEM antenna,handheld_sma,"Handheld bench fixture, SMA plane",marine-vhf,Marine VHF,kenwood-thd75a-stock,bare SMA plane,averaged_zoom,gap,41.13099084266202,71.04930837428941,89.4066486902568,0.0,0.0
kenwood-thd75a-stock,Kenwood TH-D75A OEM antenna,handheld_sma,"Handheld bench fixture, SMA plane",railroad,Railroad,kenwood-thd75a-stock,bare SMA plane,averaged_zoom,gap,67.14581790856506,72.71078607725264,83.8923067491778,0.0,0.0
kenwood-thd75a-stock,Kenwood TH-D75A OEM antenna,handheld_sma,"Handheld bench fixture, SMA plane",noaa-weather,NOAA weather,kenwood-thd75a-stock,bare SMA plane,averaged_zoom,gap,65.77277562423617,71.9032248530196,93.38913415862353,0.0,0.0
kenwood-thd75a-stock,Kenwood TH-D75A OEM antenna,handheld_sma,"Handheld bench fixture, SMA plane",1.25m,1.25m amateur,kenwood-thd75a-stock,bare SMA plane,averaged_zoom,gap,4.873736187537367,8.0708457864599,12.778838981157838,0.0,0.0
kenwood-thd75a-stock,Kenwood TH-D75A OEM antenna,handheld_sma,"Handheld bench fixture, SMA plane",military-air,Military air,kenwood-thd75a-stock,bare SMA plane,averaged_zoom,gap,2.4022578707480524,27.87490337876549,189.43334386767594,0.0,5.669433056694331
kenwood-thd75a-stock,Kenwood TH-D75A OEM antenna,handheld_sma,"Handheld bench fixture, SMA plane",federal-uhf,Federal UHF,kenwood-thd75a-stock,bare SMA plane,averaged_zoom,broad <=3:1,1.8114281122151157,1.9720543956293632,2.182601753048699,64.96751624187905,100.0
kenwood-thd75a-stock,Kenwood TH-D75A OEM antenna,handheld_sma,"Handheld bench fixture, SMA plane",70cm,70cm amateur,kenwood-thd75a-stock,bare SMA plane,averaged_zoom,broad <=2:1,1.4808356996745502,1.6553288077239137,2.3048437101976402,86.50449850049984,100.0
kenwood-thd75a-stock,Kenwood TH-D75A OEM antenna,handheld_sma,"Handheld bench fixture, SMA plane",uhf-lmr,UHF LMR,kenwood-thd75a-stock,bare SMA plane,averaged_zoom,partial only,2.282707354517152,3.140998493107583,3.8643013949680496,0.0,42.37881059470265
kenwood-thd75a-stock,Kenwood TH-D75A OEM antenna,handheld_sma,"Handheld bench fixture, SMA plane",t-band,T-band,kenwood-thd75a-stock,bare SMA plane,averaged_zoom,gap,2.7598461978297806,3.6667912295044003,5.411163909506928,0.0,18.44538865283679
kenwood-thd75a-stock,Kenwood TH-D75A OEM antenna,handheld_sma,"Handheld bench fixture, SMA plane",700-public-safety-downlink,700 MHz public safety,kenwood-thd75a-stock,bare SMA plane,averaged_zoom,gap,22.529643390145356,26.969018506335654,34.347147582694944,0.0,0.0
kenwood-thd75a-stock,Kenwood TH-D75A OEM antenna,handheld_sma,"Handheld bench fixture, SMA plane",800-public-safety-downlink,800 MHz public safety,kenwood-thd75a-stock,bare SMA plane,averaged_zoom,gap,25.08223385679483,27.459797437421734,29.348001040319755,0.0,0.0
kenwood-thd75a-stock,Kenwood TH-D75A OEM antenna,handheld_sma,"Handheld bench fixture, SMA plane",33cm,33cm amateur,kenwood-thd75a-stock,bare SMA plane,averaged_zoom,gap,7.575197328122567,23.981147967714097,78.6494121524516,0.0,0.0
kenwood-thd75a-stock,Kenwood TH-D75A OEM antenna,handheld_sma,"Handheld bench fixture, SMA plane",900-trunking-downlink,900 MHz trunking,kenwood-thd75a-stock,bare SMA plane,averaged_zoom,gap,19.362891374654886,23.156937096030838,25.9897416379708,0.0,0.0
kenwood-thd75a-stock,Kenwood TH-D75A OEM antenna,handheld_sma,"Handheld bench fixture, SMA plane",uat-978,UAT 978,kenwood-thd75a-stock,bare SMA plane,averaged_zoom,gap,16.029120306039783,18.73304324862405,28.433526935727524,0.0,0.0
kenwood-thd75a-stock,Kenwood TH-D75A OEM antenna,handheld_sma,"Handheld bench fixture, SMA plane",ads-b-1090,ADS-B 1090,kenwood-thd75a-stock,bare SMA plane,averaged_zoom,gap,9.068371640171796,10.39539857648455,188.03456008179427,0.0,0.0
icom-id52a-stock,Icom ID-52A OEM antenna,handheld_sma,"Handheld bench fixture, SMA plane",6m,6m amateur,icom-id52a-stock,bare SMA plane,broadband,gap,182.66543800609838,188.25716038292603,204.46248935499804,0.0,0.0
icom-id52a-stock,Icom ID-52A OEM antenna,handheld_sma,"Handheld bench fixture, SMA plane",fm-broadcast,FM broadcast,icom-id52a-stock,bare SMA plane,averaged_zoom,gap,25.587979547273395,47.47685781075219,55.04594469745703,0.0,0.0
icom-id52a-stock,Icom ID-52A OEM antenna,handheld_sma,"Handheld bench fixture, SMA plane",civil-air,Civil air,icom-id52a-stock,bare SMA plane,averaged_zoom,gap,3.9113962690722577,4.955160809355699,11.209995179573422,0.0,0.0
icom-id52a-stock,Icom ID-52A OEM antenna,handheld_sma,"Handheld bench fixture, SMA plane",2m,2m amateur,icom-id52a-stock,bare SMA plane,averaged_zoom,gap,3.879201334288938,4.516755447861154,5.615476236370835,0.0,0.0
icom-id52a-stock,Icom ID-52A OEM antenna,handheld_sma,"Handheld bench fixture, SMA plane",vhf-lmr,VHF LMR,icom-id52a-stock,bare SMA plane,averaged_zoom,gap,3.471636920662221,41.62031965310113,103.16779867213353,0.0,0.0
icom-id52a-stock,Icom ID-52A OEM antenna,handheld_sma,"Handheld bench fixture, SMA plane",marine-vhf,Marine VHF,icom-id52a-stock,bare SMA plane,averaged_zoom,gap,8.706344510104332,19.013758071625166,42.78569695341278,0.0,0.0
icom-id52a-stock,Icom ID-52A OEM antenna,handheld_sma,"Handheld bench fixture, SMA plane",railroad,Railroad,icom-id52a-stock,bare SMA plane,averaged_zoom,gap,23.97195328789012,30.126403774037833,37.145002353138075,0.0,0.0
icom-id52a-stock,Icom ID-52A OEM antenna,handheld_sma,"Handheld bench fixture, SMA plane",noaa-weather,NOAA weather,icom-id52a-stock,bare SMA plane,averaged_zoom,gap,39.30146674605756,41.784656812432225,71.896857957734,0.0,0.0
icom-id52a-stock,Icom ID-52A OEM antenna,handheld_sma,"Handheld bench fixture, SMA plane",1.25m,1.25m amateur,icom-id52a-stock,bare SMA plane,averaged_zoom,gap,39.340912986075516,44.5958237832827,49.03569204023497,0.0,0.0
icom-id52a-stock,Icom ID-52A OEM antenna,handheld_sma,"Handheld bench fixture, SMA plane",military-air,Military air,icom-id52a-stock,bare SMA plane,averaged_zoom,gap,4.7251163398927805,18.89080202354694,52.37442046220464,0.0,0.0
icom-id52a-stock,Icom ID-52A OEM antenna,handheld_sma,"Handheld bench fixture, SMA plane",federal-uhf,Federal UHF,icom-id52a-stock,bare SMA plane,averaged_zoom,gap,3.159504682639463,3.7287899691906046,5.090558176645755,0.0,0.0
icom-id52a-stock,Icom ID-52A OEM antenna,handheld_sma,"Handheld bench fixture, SMA plane",70cm,70cm amateur,icom-id52a-stock,bare SMA plane,averaged_zoom,broad <=3:1,2.139145378501774,2.5038104638001157,3.2298356774701067,0.0,89.77007664111963
icom-id52a-stock,Icom ID-52A OEM antenna,handheld_sma,"Handheld bench fixture, SMA plane",uhf-lmr,UHF LMR,icom-id52a-stock,bare SMA plane,averaged_zoom,broad <=3:1,2.157253172440094,2.2620315566380507,2.3583266974488577,0.0,100.0
icom-id52a-stock,Icom ID-52A OEM antenna,handheld_sma,"Handheld bench fixture, SMA plane",t-band,T-band,icom-id52a-stock,bare SMA plane,averaged_zoom,partial only,2.2394727486360964,2.825826264767981,3.5354413124094064,0.0,59.035241189702575
icom-id52a-stock,Icom ID-52A OEM antenna,handheld_sma,"Handheld bench fixture, SMA plane",700-public-safety-downlink,700 MHz public safety,icom-id52a-stock,bare SMA plane,averaged_zoom,gap,8.72765723874188,9.155471340825546,9.483445972532378,0.0,0.0
icom-id52a-stock,Icom ID-52A OEM antenna,handheld_sma,"Handheld bench fixture, SMA plane",800-public-safety-downlink,800 MHz public safety,icom-id52a-stock,bare SMA plane,averaged_zoom,gap,9.416519225631603,9.96322269347059,10.273159605094778,0.0,0.0
icom-id52a-stock,Icom ID-52A OEM antenna,handheld_sma,"Handheld bench fixture, SMA plane",33cm,33cm amateur,icom-id52a-stock,bare SMA plane,averaged_zoom,gap,4.5405506969897145,6.6608996244393825,8.030132871014652,0.0,0.0
icom-id52a-stock,Icom ID-52A OEM antenna,handheld_sma,"Handheld bench fixture, SMA plane",900-trunking-downlink,900 MHz trunking,icom-id52a-stock,bare SMA plane,averaged_zoom,gap,5.644997890066207,5.890954499866807,6.087932772169639,0.0,0.0
icom-id52a-stock,Icom ID-52A OEM antenna,handheld_sma,"Handheld bench fixture, SMA plane",uat-978,UAT 978,icom-id52a-stock,bare SMA plane,averaged_zoom,gap,4.923446847601182,5.141563679456523,5.509535969662787,0.0,0.0
icom-id52a-stock,Icom ID-52A OEM antenna,handheld_sma,"Handheld bench fixture, SMA plane",ads-b-1090,ADS-B 1090,icom-id52a-stock,bare SMA plane,averaged_zoom,gap,3.878182230292374,4.0521524590387425,5.004231877091412,0.0,0.0
anytone-atd890uv-16cm,AnyTone AT-D890UV OEM rubber duck,handheld_sma,"Handheld bench fixture, SMA plane",6m,6m amateur,anytone-atd890uv-16cm,SMA adapter plane,broadband,gap,1290.9390834314372,1430.842812908024,1636.0925167041783,0.0,0.0
anytone-atd890uv-16cm,AnyTone AT-D890UV OEM rubber duck,handheld_sma,"Handheld bench fixture, SMA plane",fm-broadcast,FM broadcast,anytone-atd890uv-16cm,SMA adapter plane,averaged_zoom,gap,57.80121884653075,204.30966324413728,292.6632456465801,0.0,0.0
anytone-atd890uv-16cm,AnyTone AT-D890UV OEM rubber duck,handheld_sma,"Handheld bench fixture, SMA plane",civil-air,Civil air,anytone-atd890uv-16cm,SMA adapter plane,averaged_zoom,gap,5.947284905467763,7.947472313767132,12.717184533795322,0.0,0.0
anytone-atd890uv-16cm,AnyTone AT-D890UV OEM rubber duck,handheld_sma,"Handheld bench fixture, SMA plane",2m,2m amateur,anytone-atd890uv-16cm,SMA adapter plane,averaged_zoom,gap,3.279908491275978,3.620792303229169,4.146485669572538,0.0,0.0
anytone-atd890uv-16cm,AnyTone AT-D890UV OEM rubber duck,handheld_sma,"Handheld bench fixture, SMA plane",vhf-lmr,VHF LMR,anytone-atd890uv-16cm,SMA adapter plane,averaged_zoom,gap,2.5379264700059987,4.490420272358786,9.736906533305687,0.0,18.940529735132433
anytone-atd890uv-16cm,AnyTone AT-D890UV OEM rubber duck,handheld_sma,"Handheld bench fixture, SMA plane",marine-vhf,Marine VHF,anytone-atd890uv-16cm,SMA adapter plane,averaged_zoom,partial only,2.5317666168192634,2.864448234510461,4.477531851347487,0.0,56.443556443556446
anytone-atd890uv-16cm,AnyTone AT-D890UV OEM rubber duck,handheld_sma,"Handheld bench fixture, SMA plane",railroad,Railroad,anytone-atd890uv-16cm,SMA adapter plane,averaged_zoom,gap,3.8678393010942544,4.401117530107576,5.697127049813834,0.0,0.0
anytone-atd890uv-16cm,AnyTone AT-D890UV OEM rubber duck,handheld_sma,"Handheld bench fixture, SMA plane",noaa-weather,NOAA weather,anytone-atd890uv-16cm,SMA adapter plane,averaged_zoom,gap,6.255939389438147,6.556523608684552,6.616107828266992,0.0,0.0
anytone-atd890uv-16cm,AnyTone AT-D890UV OEM rubber duck,handheld_sma,"Handheld bench fixture, SMA plane",1.25m,1.25m amateur,anytone-atd890uv-16cm,SMA adapter plane,averaged_zoom,gap,23.370842165975997,24.7132179326415,29.101101281536,0.0,0.0
anytone-atd890uv-16cm,AnyTone AT-D890UV OEM rubber duck,handheld_sma,"Handheld bench fixture, SMA plane",military-air,Military air,anytone-atd890uv-16cm,SMA adapter plane,averaged_zoom,isolated resonance,1.7055035126526463,9.547139406139795,25.626579335978338,9.56904309569043,18.15818418158184
anytone-atd890uv-16cm,AnyTone AT-D890UV OEM rubber duck,handheld_sma,"Handheld bench fixture, SMA plane",federal-uhf,Federal UHF,anytone-atd890uv-16cm,SMA adapter plane,averaged_zoom,broad <=2:1,1.911358060734857,1.9582048996888077,2.412913094372146,87.95602198900549,100.0
anytone-atd890uv-16cm,AnyTone AT-D890UV OEM rubber duck,handheld_sma,"Handheld bench fixture, SMA plane",70cm,70cm amateur,anytone-atd890uv-16cm,SMA adapter plane,averaged_zoom,partial only,2.042270025363,2.9029223664652615,3.9719726786289065,0.0,55.94801732755748
anytone-atd890uv-16cm,AnyTone AT-D890UV OEM rubber duck,handheld_sma,"Handheld bench fixture, SMA plane",uhf-lmr,UHF LMR,anytone-atd890uv-16cm,SMA adapter plane,averaged_zoom,gap,3.9098378710157777,4.750904389048094,5.353972441335949,0.0,0.0
anytone-atd890uv-16cm,AnyTone AT-D890UV OEM rubber duck,handheld_sma,"Handheld bench fixture, SMA plane",t-band,T-band,anytone-atd890uv-16cm,SMA adapter plane,averaged_zoom,gap,5.244152063592213,7.16437814846474,9.125375369916139,0.0,0.0
anytone-atd890uv-16cm,AnyTone AT-D890UV OEM rubber duck,handheld_sma,"Handheld bench fixture, SMA plane",700-public-safety-downlink,700 MHz public safety,anytone-atd890uv-16cm,SMA adapter plane,averaged_zoom,gap,15.489364969326633,18.708829096066403,21.65518319128129,0.0,0.0
anytone-atd890uv-16cm,AnyTone AT-D890UV OEM rubber duck,handheld_sma,"Handheld bench fixture, SMA plane",800-public-safety-downlink,800 MHz public safety,anytone-atd890uv-16cm,SMA adapter plane,averaged_zoom,gap,12.598273346496429,13.165203919071985,14.974472130153597,0.0,0.0
anytone-atd890uv-16cm,AnyTone AT-D890UV OEM rubber duck,handheld_sma,"Handheld bench fixture, SMA plane",33cm,33cm amateur,anytone-atd890uv-16cm,SMA adapter plane,averaged_zoom,gap,7.28543651678031,11.54463001557731,14.779352408079161,0.0,0.0
anytone-atd890uv-16cm,AnyTone AT-D890UV OEM rubber duck,handheld_sma,"Handheld bench fixture, SMA plane",900-trunking-downlink,900 MHz trunking,anytone-atd890uv-16cm,SMA adapter plane,averaged_zoom,gap,10.920894295975272,12.29372152605005,15.351558312861302,0.0,0.0
anytone-atd890uv-16cm,AnyTone AT-D890UV OEM rubber duck,handheld_sma,"Handheld bench fixture, SMA plane",uat-978,UAT 978,anytone-atd890uv-16cm,SMA adapter plane,averaged_zoom,gap,10.741830985057604,14.006953216136525,19.77276176479551,0.0,0.0
anytone-atd890uv-16cm,AnyTone AT-D890UV OEM rubber duck,handheld_sma,"Handheld bench fixture, SMA plane",ads-b-1090,ADS-B 1090,anytone-atd890uv-16cm,SMA adapter plane,averaged_zoom,gap,18.842981692620427,22.948729006300702,36.79311289892139,0.0,0.0
anytone-atd890uv-38cm,AnyTone AT-D890UV OEM long whip,handheld_sma,"Handheld bench fixture, SMA plane",6m,6m amateur,anytone-atd890uv-38cm,SMA adapter plane,broadband,gap,569.3810588427086,755.1067576436968,995.1094038501456,0.0,0.0
anytone-atd890uv-38cm,AnyTone AT-D890UV OEM long whip,handheld_sma,"Handheld bench fixture, SMA plane",fm-broadcast,FM broadcast,anytone-atd890uv-38cm,SMA adapter plane,averaged_zoom,gap,4.275957352225886,14.948298024727526,39.06185508723416,0.0,0.0
anytone-atd890uv-38cm,AnyTone AT-D890UV OEM long whip,handheld_sma,"Handheld bench fixture, SMA plane",civil-air,Civil air,anytone-atd890uv-38cm,SMA adapter plane,averaged_zoom,gap,5.04827444979425,8.256151760949855,8.805266051810552,0.0,0.0
anytone-atd890uv-38cm,AnyTone AT-D890UV OEM long whip,handheld_sma,"Handheld bench fixture, SMA plane",2m,2m amateur,anytone-atd890uv-38cm,SMA adapter plane,averaged_zoom,gap,3.4226263306279674,3.7129081796982106,4.07549068861974,0.0,0.0
anytone-atd890uv-38cm,AnyTone AT-D890UV OEM long whip,handheld_sma,"Handheld bench fixture, SMA plane",vhf-lmr,VHF LMR,anytone-atd890uv-38cm,SMA adapter plane,averaged_zoom,partial only,1.4399393872489608,2.094492238901902,3.366108975721786,33.333333333333336,71.66416791604198
anytone-atd890uv-38cm,AnyTone AT-D890UV OEM long whip,handheld_sma,"Handheld bench fixture, SMA plane",marine-vhf,Marine VHF,anytone-atd890uv-38cm,SMA adapter plane,averaged_zoom,broad <=3:1,1.6023154242085225,2.3117441031443944,3.230507902169301,28.97102897102897,87.11288711288711
anytone-atd890uv-38cm,AnyTone AT-D890UV OEM long whip,handheld_sma,"Handheld bench fixture, SMA plane",railroad,Railroad,anytone-atd890uv-38cm,SMA adapter plane,averaged_zoom,broad <=2:1,1.4071730244052063,1.5320119729027633,2.0083756383138245,99.2007992007992,100.0
anytone-atd890uv-38cm,AnyTone AT-D890UV OEM long whip,handheld_sma,"Handheld bench fixture, SMA plane",noaa-weather,NOAA weather,anytone-atd890uv-38cm,SMA adapter plane,averaged_zoom,broad <=2:1,1.3763760640859113,1.387326726841553,1.3994192202185356,100.0,100.0
anytone-atd890uv-38cm,AnyTone AT-D890UV OEM long whip,handheld_sma,"Handheld bench fixture, SMA plane",1.25m,1.25m amateur,anytone-atd890uv-38cm,SMA adapter plane,averaged_zoom,partial only,2.785698206864448,2.9839462365260903,3.132345090058728,0.0,57.34265734265734
anytone-atd890uv-38cm,AnyTone AT-D890UV OEM long whip,handheld_sma,"Handheld bench fixture, SMA plane",military-air,Military air,anytone-atd890uv-38cm,SMA adapter plane,averaged_zoom,partial only,1.1289257000243786,4.124294325835823,6.168496541111635,10.418958104189581,20.80791920807919
anytone-atd890uv-38cm,AnyTone AT-D890UV OEM long whip,handheld_sma,"Handheld bench fixture, SMA plane",federal-uhf,Federal UHF,anytone-atd890uv-38cm,SMA adapter plane,averaged_zoom,broad <=2:1,1.3035880741344157,1.564346168156959,1.9772563884566237,100.0,100.0
anytone-atd890uv-38cm,AnyTone AT-D890UV OEM long whip,handheld_sma,"Handheld bench fixture, SMA plane",70cm,70cm amateur,anytone-atd890uv-38cm,SMA adapter plane,averaged_zoom,partial only,1.983723016542879,3.2653123960947736,4.344715665223716,0.733088970343219,38.32055981339553
anytone-atd890uv-38cm,AnyTone AT-D890UV OEM long whip,handheld_sma,"Handheld bench fixture, SMA plane",uhf-lmr,UHF LMR,anytone-atd890uv-38cm,SMA adapter plane,averaged_zoom,gap,4.3120342472438224,5.473377316691171,6.733343164684953,0.0,0.0
anytone-atd890uv-38cm,AnyTone AT-D890UV OEM long whip,handheld_sma,"Handheld bench fixture, SMA plane",t-band,T-band,anytone-atd890uv-38cm,SMA adapter plane,averaged_zoom,gap,6.459655903771914,8.764493573829638,11.615672164346746,0.0,0.0
anytone-atd890uv-38cm,AnyTone AT-D890UV OEM long whip,handheld_sma,"Handheld bench fixture, SMA plane",700-public-safety-downlink,700 MHz public safety,anytone-atd890uv-38cm,SMA adapter plane,averaged_zoom,gap,47.811680883408044,54.088452853836934,77.29677298674592,0.0,0.0
anytone-atd890uv-38cm,AnyTone AT-D890UV OEM long whip,handheld_sma,"Handheld bench fixture, SMA plane",800-public-safety-downlink,800 MHz public safety,anytone-atd890uv-38cm,SMA adapter plane,averaged_zoom,gap,52.512288366435655,105.14564898777394,144.76130807641042,0.0,0.0
anytone-atd890uv-38cm,AnyTone AT-D890UV OEM long whip,handheld_sma,"Handheld bench fixture, SMA plane",33cm,33cm amateur,anytone-atd890uv-38cm,SMA adapter plane,unmeasured,gap,very poor / outside calibrated dynamic range,very poor / outside calibrated dynamic range,very poor / outside calibrated dynamic range,0.0,0.0
anytone-atd890uv-38cm,AnyTone AT-D890UV OEM long whip,handheld_sma,"Handheld bench fixture, SMA plane",900-trunking-downlink,900 MHz trunking,anytone-atd890uv-38cm,SMA adapter plane,unmeasured,gap,very poor / outside calibrated dynamic range,very poor / outside calibrated dynamic range,very poor / outside calibrated dynamic range,0.0,0.0
anytone-atd890uv-38cm,AnyTone AT-D890UV OEM long whip,handheld_sma,"Handheld bench fixture, SMA plane",uat-978,UAT 978,anytone-atd890uv-38cm,SMA adapter plane,unmeasured,gap,very poor / outside calibrated dynamic range,very poor / outside calibrated dynamic range,very poor / outside calibrated dynamic range,0.0,0.0
anytone-atd890uv-38cm,AnyTone AT-D890UV OEM long whip,handheld_sma,"Handheld bench fixture, SMA plane",ads-b-1090,ADS-B 1090,anytone-atd890uv-38cm,SMA adapter plane,unmeasured,gap,very poor / outside calibrated dynamic range,very poor / outside calibrated dynamic range,very poor / outside calibrated dynamic range,0.0,0.0
smiley-halfwave,Smiley 2m half-wave telescopic,handheld_bench,Handheld bench fixture,6m,6m amateur,smiley-halfwave:setting-7,setting 7 (fully extended),broadband,gap,40.305927370071245,55.85287650676504,67.05456863043071,0.0,0.0
smiley-halfwave,Smiley 2m half-wave telescopic,handheld_bench,Handheld bench fixture,fm-broadcast,FM broadcast,smiley-halfwave:setting-2,setting 2 (34.5 cm),averaged_zoom,partial only,1.3276516135214163,3.157031921805983,11.165303630006068,23.83808095952024,45.877061469265364
smiley-halfwave,Smiley 2m half-wave telescopic,handheld_bench,Handheld bench fixture,civil-air,Civil air,smiley-halfwave:setting-1,"setting 1 (collapsed, 22 cm)",averaged_zoom,partial only,1.725511422441046,2.72284989780421,3.159225367137087,22.3888055972014,78.86056971514243
smiley-halfwave,Smiley 2m half-wave telescopic,handheld_bench,Handheld bench fixture,2m,2m amateur,smiley-halfwave:setting-6,setting 6 (80 cm),averaged_zoom,broad <=2:1,1.2226871300135533,1.3912466496180966,1.6328002230312146,100.0,100.0
smiley-halfwave,Smiley 2m half-wave telescopic,handheld_bench,Handheld bench fixture,vhf-lmr,VHF LMR,smiley-halfwave:setting-5,setting 5 (69 cm),averaged_zoom,broad <=3:1,1.102917648201838,1.8300031155164889,3.3675883372204027,67.86606696651674,93.80309845077461
smiley-halfwave,Smiley 2m half-wave telescopic,handheld_bench,Handheld bench fixture,marine-vhf,Marine VHF,smiley-halfwave:setting-5,setting 5 (69 cm),averaged_zoom,broad <=2:1,1.2180183706480079,1.5196996094540214,1.7723138468914472,100.0,100.0
smiley-halfwave,Smiley 2m half-wave telescopic,handheld_bench,Handheld bench fixture,railroad,Railroad,smiley-halfwave:setting-5,setting 5 (69 cm),averaged_zoom,broad <=2:1,1.1618168685147088,1.2236873503813537,1.3183493949517093,100.0,100.0
smiley-halfwave,Smiley 2m half-wave telescopic,handheld_bench,Handheld bench fixture,noaa-weather,NOAA weather,smiley-halfwave:setting-5,setting 5 (69 cm),averaged_zoom,broad <=2:1,1.1242802561926657,1.1317621578096702,1.1409421968530358,100.0,100.0
smiley-halfwave,Smiley 2m half-wave telescopic,handheld_bench,Handheld bench fixture,1.25m,1.25m amateur,smiley-halfwave:setting-3,setting 3 (46 cm),averaged_zoom,broad <=3:1,2.0180900866399476,2.054100350505726,2.1419588992751977,0.0,100.0
smiley-halfwave,Smiley 2m half-wave telescopic,handheld_bench,Handheld bench fixture,military-air,Military air,smiley-halfwave:setting-1,"setting 1 (collapsed, 22 cm)",averaged_zoom,partial only,1.6961452917937154,2.9634655725176238,12.361318428094378,32.066793320667934,50.204979502049795
smiley-halfwave,Smiley 2m half-wave telescopic,handheld_bench,Handheld bench fixture,federal-uhf,Federal UHF,smiley-halfwave:setting-6,setting 6 (80 cm),averaged_zoom,partial only,2.3276365389807387,2.812089229781663,4.087657025779337,0.0,66.91654172913543
smiley-halfwave,Smiley 2m half-wave telescopic,handheld_bench,Handheld bench fixture,70cm,70cm amateur,smiley-halfwave:setting-3,setting 3 (46 cm),averaged_zoom,broad <=3:1,2.359440806035014,2.561982942820847,3.2936052847252726,0.0,86.2045984671776
smiley-halfwave,Smiley 2m half-wave telescopic,handheld_bench,Handheld bench fixture,uhf-lmr,UHF LMR,smiley-halfwave:setting-3,setting 3 (46 cm),averaged_zoom,broad <=3:1,2.430283956532519,2.688073416825589,3.168771323290421,0.0,82.2088955522239
smiley-halfwave,Smiley 2m half-wave telescopic,handheld_bench,Handheld bench fixture,t-band,T-band,smiley-halfwave:setting-5,setting 5 (69 cm),averaged_zoom,partial only,2.749338171526676,3.4470938487182243,4.433154378015904,0.0,25.368657835541114
smiley-halfwave,Smiley 2m half-wave telescopic,handheld_bench,Handheld bench fixture,700-public-safety-downlink,700 MHz public safety,smiley-halfwave:setting-3,setting 3 (46 cm),averaged_zoom,gap,3.892245977106542,3.9683218693201345,4.00733777087442,0.0,0.0
smiley-halfwave,Smiley 2m half-wave telescopic,handheld_bench,Handheld bench fixture,800-public-safety-downlink,800 MHz public safety,smiley-halfwave:setting-5,setting 5 (69 cm),averaged_zoom,gap,3.428107114165588,3.7210344838971037,4.046654208025171,0.0,0.0
smiley-halfwave,Smiley 2m half-wave telescopic,handheld_bench,Handheld bench fixture,33cm,33cm amateur,smiley-halfwave:setting-5,setting 5 (69 cm),averaged_zoom,broad <=2:1,1.1692656275793636,1.5409988124758156,2.3853268112910353,88.055972013993,100.0
smiley-halfwave,Smiley 2m half-wave telescopic,handheld_bench,Handheld bench fixture,900-trunking-downlink,900 MHz trunking,smiley-halfwave:setting-5,setting 5 (69 cm),averaged_zoom,gap,3.0918452122742948,3.39563005315283,3.6777061588369384,0.0,0.0
smiley-halfwave,Smiley 2m half-wave telescopic,handheld_bench,Handheld bench fixture,uat-978,UAT 978,smiley-halfwave:setting-7,setting 7 (fully extended),averaged_zoom,gap,4.458120894691857,4.803318875540763,5.254880968192662,0.0,0.0
smiley-halfwave,Smiley 2m half-wave telescopic,handheld_bench,Handheld bench fixture,ads-b-1090,ADS-B 1090,smiley-halfwave:setting-5,setting 5 (69 cm),averaged_zoom,gap,3.3069334152336802,3.462924499897348,3.7298942308936933,0.0,0.0
