rank,configuration,configuration_label,family,family_label,kind,measurement_context,score,usable_bands,excellent_bands,6m__efficiency,fm-broadcast__efficiency,civil-air__efficiency,2m__efficiency,vhf-lmr__efficiency,marine-vhf__efficiency,railroad__efficiency,noaa-weather__efficiency,1.25m__efficiency,military-air__efficiency,federal-uhf__efficiency,70cm__efficiency,uhf-lmr__efficiency,t-band__efficiency,700-public-safety-downlink__efficiency,800-public-safety-downlink__efficiency,33cm__efficiency,900-trunking-downlink__efficiency,uat-978__efficiency,ads-b-1090__efficiency,6m__median_swr,fm-broadcast__median_swr,civil-air__median_swr,2m__median_swr,vhf-lmr__median_swr,marine-vhf__median_swr,railroad__median_swr,noaa-weather__median_swr,1.25m__median_swr,military-air__median_swr,federal-uhf__median_swr,70cm__median_swr,uhf-lmr__median_swr,t-band__median_swr,700-public-safety-downlink__median_swr,800-public-safety-downlink__median_swr,33cm__median_swr,900-trunking-downlink__median_swr,uat-978__median_swr,ads-b-1090__median_swr
1,taurus-triband-vehicle,installed on vehicle,taurus-triband-vehicle,Taurus triband vehicle antenna,vehicle,vehicle_installed,0.700604,9,0,0.527922,0.370991,0.474515,0.622687,0.834165,0.791818,0.803323,0.823008,0.631174,0.634421,0.692936,0.753712,0.767133,0.824093,0.736136,0.833254,0.756646,0.737466,0.693223,0.703455,5.1265,8.7224,6.1714,4.1985,2.4955,2.6849,2.5953,2.4525,4.0689,4.1191,3.5833,2.9458,2.8525,2.4076,3.2760,2.1713,3.1368,3.2073,3.6019,3.4750
2,smiley-halfwave:setting-5,setting 5 (69 cm),smiley-halfwave,Smiley 2m half-wave telescopic,telescopic,handheld_bench,0.657151,7,5,0.062880,0.438374,0.818210,0.862436,0.907335,0.957902,0.988903,0.996163,0.229417,0.560178,0.399687,0.442897,0.703663,0.697683,0.521364,0.667998,0.944695,0.703921,0.543837,0.695482,62.0664,7.7708,2.2596,2.1896,1.8300,1.5197,1.2237,1.1318,15.5229,5.9013,7.9179,7.2464,3.2397,3.4471,5.4917,3.7210,1.5410,3.3956,5.1600,3.4629
3,smiley-halfwave:setting-3,setting 3 (46 cm),smiley-halfwave,Smiley 2m half-wave telescopic,telescopic,handheld_bench,0.637306,5,1,0.041508,0.633164,0.738624,0.775897,0.635681,0.607571,0.556763,0.519301,0.879602,0.452282,0.690786,0.796774,0.785483,0.635199,0.643333,0.632690,0.927019,0.640486,0.492177,0.661769,94.3808,4.4702,3.2236,2.8215,4.0898,4.4284,4.9945,5.5215,2.0541,7.8987,3.5164,2.5620,2.6881,4.1338,3.9683,4.0819,1.6686,4.0130,5.9618,3.7797
4,smiley-halfwave:setting-6,setting 6 (80 cm),smiley-halfwave,Smiley 2m half-wave telescopic,telescopic,handheld_bench,0.605351,4,2,0.060688,0.395692,0.709625,0.970796,0.592396,0.663845,0.607548,0.559403,0.288171,0.604215,0.775532,0.764100,0.590537,0.510037,0.599936,0.635909,0.936939,0.681367,0.549742,0.610553,64.3954,8.8555,3.4926,1.3912,4.7952,3.8094,4.3620,4.9535,11.7938,4.5566,2.8121,2.8219,4.5451,5.7509,4.4426,4.0395,1.5937,3.6043,5.0778,4.3179
5,smiley-halfwave:setting-4,setting 4 (57.5 cm),smiley-halfwave,Smiley 2m half-wave telescopic,telescopic,handheld_bench,0.587111,3,1,0.053436,0.536354,0.720860,0.846697,0.806551,0.727414,0.703201,0.696715,0.343910,0.520903,0.541279,0.437428,0.368222,0.392906,0.622794,0.638307,0.928464,0.662288,0.500483,0.694013,73.1719,5.8118,3.4547,2.2974,2.5473,3.2483,3.3997,3.4518,9.5437,7.0509,5.2252,7.0025,8.8151,8.3933,4.1877,4.0200,1.6665,3.7931,5.8213,3.4750
6,smiley-halfwave:setting-7,setting 7 (fully extended),smiley-halfwave,Smiley 2m half-wave telescopic,telescopic,handheld_bench,0.554205,2,1,0.071180,0.327027,0.754949,0.741615,0.486155,0.476937,0.446259,0.422069,0.375179,0.613708,0.568516,0.538010,0.544967,0.638341,0.596713,0.631359,0.937975,0.683868,0.570503,0.658776,55.8529,11.2444,3.0614,3.0685,6.4910,6.3192,6.8290,7.3408,8.5325,4.1520,4.9519,5.0818,5.2017,3.9308,4.4858,4.0962,1.5977,3.5838,4.8033,3.8091
7,smiley-halfwave:setting-1,"setting 1 (collapsed, 22 cm)",smiley-halfwave,Smiley 2m half-wave telescopic,telescopic,handheld_bench,0.537613,2,1,0.041654,0.590770,0.812561,0.587403,0.365230,0.384424,0.332753,0.290542,0.273862,0.682956,0.713004,0.612258,0.544039,0.493011,0.595652,0.628900,0.936843,0.675377,0.545276,0.645748,93.7943,5.3392,2.7228,4.6421,10.9019,8.4572,9.9455,11.6968,12.5329,2.9635,3.3110,4.3862,5.2235,5.8051,4.4934,4.1276,1.6090,3.6634,5.1417,3.9352
8,smiley-halfwave:setting-2,setting 2 (34.5 cm),smiley-halfwave,Smiley 2m half-wave telescopic,telescopic,handheld_bench,0.529295,2,1,0.045331,0.682700,0.754359,0.686010,0.499152,0.506177,0.446199,0.399412,0.556338,0.620550,0.319766,0.290248,0.349075,0.541524,0.516457,0.565099,0.934033,0.673398,0.543124,0.656950,85.9204,3.1570,3.1372,3.5906,6.1929,5.8135,6.8347,7.9053,4.9946,4.4703,10.4285,11.7643,9.4593,5.0916,5.5656,4.8906,1.6275,3.6859,5.1722,3.8269
9,diamond-rh77ca,first mounting,diamond-rh77ca,Diamond RH77CA,fixed,handheld_bench,0.491567,2,1,0.050376,0.205280,0.841192,0.581295,0.690078,0.629052,0.608427,0.670740,0.558484,0.501283,0.928826,0.682468,0.516815,0.436012,0.374064,0.316449,0.299508,0.312877,0.323376,0.304745,78.5284,20.3445,2.1276,4.6220,4.1918,4.3573,4.3418,3.6988,5.0413,7.0666,1.7002,3.7685,5.5420,7.0643,8.5829,10.5415,11.3075,10.6865,10.2829,11.0240
10,diamond-rh77ca:second-mounting,second mounting,diamond-rh77ca,Diamond RH77CA,fixed,handheld_bench,0.482531,2,1,0.050414,0.319773,0.620524,0.512601,0.636092,0.508402,0.525745,0.568206,0.671194,0.527605,0.969766,0.752318,0.575931,0.500225,0.355049,0.345019,0.313105,0.313004,0.318676,0.266969,77.6520,12.7748,4.3568,5.5713,5.0375,5.7352,5.4405,4.8425,3.6771,5.8866,1.3698,3.0702,4.7964,5.8569,9.1573,9.5106,10.6920,10.6850,10.4603,12.9026
11,signal-stick,no counterpoise,signal-stick,Signal Stick (no counterpoise),fixed,handheld_bench,0.460997,1,0,0.050119,0.303922,0.671296,0.458759,0.648588,0.570275,0.619115,0.678609,0.289489,0.306603,0.779873,0.546042,0.426978,0.340542,0.404628,0.285532,0.387278,0.447886,0.545035,0.459371,78.3005,14.4632,3.9226,6.5358,3.8440,4.7974,4.2198,3.6264,11.6912,16.0741,2.7624,5.2770,7.2453,9.9790,7.7634,11.9264,8.1734,6.7814,5.1479,6.5476
12,anytone-atd890uv-38cm,SMA adapter plane,anytone-atd890uv-38cm,AnyTone AT-D890UV OEM long whip,fixed,handheld_sma,0.454856,6,3,0.005385,0.313669,0.408562,0.669482,0.842491,0.839034,0.949573,0.973594,0.755013,0.653987,0.946676,0.731560,0.526818,0.372077,0.071322,0.037877,0.000000,0.000000,0.000000,0.000000,755.1068,14.9483,8.2562,3.7129,2.0945,2.3117,1.5320,1.3873,2.9839,4.1243,1.5643,3.2653,5.4734,8.7645,54.0885,105.1456,,,,
13,tid-td771,with SMA-to-BNC adapter,tid-td771,TID TD771,fixed,handheld_bench,0.452395,1,1,0.000000,0.186330,0.466278,0.462877,0.314355,0.308655,0.301740,0.302208,0.986118,0.313850,0.744518,0.660647,0.221712,0.048276,0.431347,0.576678,0.627522,0.655516,0.692437,0.746836,,19.4146,6.3192,6.4766,11.1449,10.9663,11.1697,11.1521,1.2640,16.8283,2.9426,3.5932,17.2399,33.5888,7.1216,4.7285,4.1413,3.8382,3.4884,3.0164
14,diamond-srh320a,with BNC-to-SMA adapter,diamond-srh320a,Diamond SRH320A,fixed,handheld_bench,0.445384,7,3,0.020422,0.050667,0.268683,0.820027,0.853574,0.930236,0.875395,0.805723,0.968076,0.510936,0.965956,0.606018,0.362497,0.255449,0.203382,0.199486,0.140801,0.070358,0.000000,0.000000,196.5022,78.4013,13.3266,2.4563,2.4614,1.6386,2.0889,2.5775,1.4423,7.1944,1.3029,4.7096,8.9861,13.6602,17.6124,18.0065,26.3941,54.5650,,
15,signal-stick-counterpoise,with ~19.5 in counterpoise,signal-stick-counterpoise,Signal Stick with counterpoise,fixed,handheld_bench,0.440580,2,1,0.045139,0.224595,0.732956,0.928425,0.429710,0.465744,0.401888,0.345979,0.224582,0.300960,0.785029,0.661000,0.489924,0.357017,0.393342,0.275727,0.393723,0.433680,0.539533,0.382651,87.5127,20.5162,3.5907,1.6953,8.9321,6.5093,7.8842,9.4763,15.7514,17.0502,2.7584,3.7757,6.0775,9.2662,8.0568,12.4044,8.0274,7.0799,5.2292,8.3249
16,uniden-sds150-stock:sma-direct,bare SMA plane,uniden-sds150-stock,Uniden SDS150 stock rubber duck,fixed,handheld_bench,0.439624,0,0,0.016175,0.071894,0.391529,0.368344,0.509735,0.434932,0.474305,0.542707,0.055279,0.236764,0.679423,0.445041,0.534997,0.735502,0.532259,0.564592,0.622328,0.584158,0.533663,0.458860,245.0611,58.8933,7.2401,8.6985,6.3769,7.1492,6.3048,5.1668,70.3024,22.9519,3.5218,7.3932,5.2705,2.9427,5.3692,4.8234,4.2100,4.6283,5.3089,6.5636
17,anytone-atd890uv-16cm,SMA adapter plane,anytone-atd890uv-16cm,AnyTone AT-D890UV OEM rubber duck,fixed,handheld_sma,0.407742,2,1,0.002773,0.025025,0.405159,0.676148,0.573068,0.743560,0.584496,0.460477,0.147090,0.427237,0.893430,0.763255,0.581223,0.436850,0.192663,0.262025,0.293311,0.278202,0.248819,0.160025,1430.8428,204.3097,7.9475,3.6208,4.4904,2.8644,4.4011,6.5565,24.7132,9.5471,1.9582,2.9029,4.7509,7.1644,18.7088,13.1652,11.5446,12.2937,14.0070,22.9487
18,uniden-sds150-stock,stock with adapter,uniden-sds150-stock,Uniden SDS150 stock rubber duck,fixed,handheld_bench,0.407185,5,1,0.000004,0.476563,0.031602,0.016001,0.254529,0.061703,0.090093,0.141949,0.000000,0.067372,0.894994,0.757544,0.852222,0.613319,0.357572,0.508824,0.676496,0.728216,0.811688,0.803004,33727.4810,6.5665,143.6791,238.0482,29.1537,69.6693,42.7558,25.9566,,37.0591,1.8780,3.2147,2.1201,4.6208,9.0797,5.7191,3.6256,3.1761,2.5324,2.5961
19,icom-id52a-stock,bare SMA plane,icom-id52a-stock,Icom ID-52A OEM antenna,fixed,handheld_sma,0.404840,3,0,0.020932,0.089131,0.534071,0.589090,0.211191,0.195581,0.125751,0.091422,0.085508,0.238835,0.665355,0.811830,0.849352,0.772663,0.354767,0.331195,0.453942,0.496127,0.545114,0.634933,188.2572,47.4769,4.9552,4.5168,41.6203,19.0138,30.1264,41.7847,44.5958,18.8908,3.7288,2.5038,2.2620,2.8258,9.1555,9.9632,6.6609,5.8910,5.1416,4.0522
20,diamond-srh77ca,with BNC adapter,diamond-srh77ca,Diamond SRH77CA,fixed,handheld_bench,0.381787,3,1,0.009523,0.380102,0.049468,0.048853,0.072341,0.051063,0.057828,0.068909,0.972622,0.375230,0.783335,0.868544,0.595553,0.461221,0.106889,0.254545,0.546008,0.586657,0.614930,0.732127,437.1169,10.9269,81.6145,79.9152,59.5046,78.0525,66.7815,56.2886,1.3951,10.9097,2.6934,1.8581,4.5873,6.5803,35.6678,13.6973,5.1355,4.5869,4.2768,3.1495
21,remtronix-920,BNC direct,remtronix-920,Remtronix 920,fixed,handheld_bench,0.377897,5,4,0.000000,0.212867,0.078907,0.023259,0.000022,0.000000,0.000000,0.000000,0.167103,0.605247,0.349762,0.348013,0.300309,0.210779,0.922142,0.992646,0.927314,0.890366,0.780190,0.749010,,43.0833,60.4754,161.5328,211.8195,,,,21.8336,4.4584,9.3327,9.2170,11.2297,17.0695,1.7739,1.1718,1.7500,1.9912,2.7646,3.0104
22,rh789:setting-5,setting 5,rh789,RH789 telescopic,telescopic,handheld_bench,0.325901,3,0,0.034486,0.195434,0.108034,0.329438,0.667863,0.827987,0.861362,0.830784,0.001833,0.346714,0.224731,0.199604,0.281368,0.646443,0.079953,0.000000,0.004875,0.081827,0.357921,0.437368,131.9604,20.4106,37.5465,9.8905,3.5883,2.3474,2.1835,2.3971,1751.6387,5.7316,15.7622,17.8475,12.1809,3.8594,48.0679,,118.5175,44.6797,9.1126,6.9712
23,tidradio-h9-stock,SMA adapter plane,tidradio-h9-stock,TIDRADIO TD-H9 stock antenna,fixed,handheld_sma,0.307622,3,2,0.005706,0.039117,0.116641,0.125791,0.103556,0.108071,0.093529,0.084485,0.109642,0.425191,0.945232,0.913101,0.823762,0.704845,0.334717,0.253211,0.236537,0.225087,0.214007,0.290200,685.6808,106.2409,34.0004,29.7407,37.0814,36.3203,40.7796,44.7549,34.5296,9.0754,1.6145,1.7856,2.4666,3.2822,9.8459,13.7204,14.8319,15.6960,16.5958,11.6961
24,kenwood-thd75a-stock,bare SMA plane,kenwood-thd75a-stock,Kenwood TH-D75A OEM antenna,fixed,handheld_sma,0.300688,2,2,0.019990,0.135411,0.537265,0.153610,0.063084,0.055564,0.053466,0.054824,0.401891,0.220776,0.890776,0.929125,0.740843,0.658580,0.137977,0.135689,0.154268,0.158882,0.192316,0.319413,197.4913,35.2470,5.5188,24.3074,65.6004,71.0493,72.7108,71.9032,8.0708,27.8749,1.9721,1.6553,3.1410,3.6668,26.9690,27.4598,23.9811,23.1569,18.7330,10.3954
25,generic-extendable:setting-3,setting 3,generic-extendable,Generic extendable whip,telescopic,handheld_bench,0.294277,0,0,0.267213,0.577489,0.236597,0.042596,0.001627,0.000000,0.000000,0.000000,0.188353,0.294706,0.200065,0.593451,0.727058,0.498071,0.116965,0.209651,0.368341,0.420869,0.483311,0.659180,5.0139,3.0177,56.8369,90.5557,475.0063,,,,19.2575,16.9988,17.8766,4.1813,3.3455,6.1347,31.9926,4.1455,8.6996,7.3564,6.0937,3.8054
26,rh789:setting-4,setting 4,rh789,RH789 telescopic,telescopic,handheld_bench,0.281561,1,1,0.013419,0.291930,0.081516,0.141919,0.352875,0.244010,0.275936,0.314510,0.227802,0.224784,0.921690,0.666487,0.427803,0.290642,0.000000,0.000000,0.034303,0.216871,0.403678,0.501052,352.8449,14.3188,49.1143,25.9327,10.9754,14.5088,12.5069,10.6985,15.7153,35.9232,1.7359,3.7321,7.2676,11.2767,,,78.1236,16.2904,7.7281,5.7942
27,rh789:setting-6,setting 6,rh789,RH789 telescopic,telescopic,handheld_bench,0.276842,1,1,0.073294,0.148556,0.150999,0.570044,0.328623,0.380147,0.319632,0.271067,0.000000,0.329291,0.199817,0.598903,0.968855,0.509437,0.000000,0.000000,0.000873,0.000014,0.199280,0.488013,58.8200,26.4937,27.9976,4.7878,12.1730,8.4620,10.4750,12.6865,,13.7836,18.1636,4.5059,1.3705,6.0839,,,202.6645,2698.4582,18.0135,5.9942
28,rh789:setting-3,setting 3,rh789,RH789 telescopic,telescopic,handheld_bench,0.251251,3,1,0.002012,0.554090,0.078213,0.061853,0.028314,0.020852,0.019339,0.019583,0.812371,0.269899,0.285530,0.535244,0.806885,0.923958,0.018638,0.000001,0.045424,0.091525,0.075732,0.375561,1403.9341,6.1063,49.8164,61.7982,159.4417,188.4266,202.8073,206.7925,2.5399,20.1352,12.4495,4.9598,2.4661,1.6266,150.7816,11603.1017,75.2310,42.2695,49.3057,8.6189
29,generic-extendable:setting-6,setting 6,generic-extendable,Generic extendable whip,telescopic,handheld_bench,0.226202,0,0,0.022702,0.392825,0.079893,0.076108,0.089819,0.068884,0.079215,0.088624,0.031995,0.319263,0.177706,0.388129,0.291362,0.057041,0.143757,0.184380,0.375999,0.433226,0.543555,0.679564,181.5669,8.8807,49.6611,49.9001,44.2988,56.7034,48.1662,43.1726,123.2441,13.3135,21.3588,7.9987,11.9468,38.1376,25.7794,19.7613,8.5569,7.0689,5.1671,3.6138
30,generic-extendable:setting-9,setting 9,generic-extendable,Generic extendable whip,telescopic,handheld_bench,0.222583,0,0,0.066043,0.286936,0.106640,0.079070,0.045263,0.042144,0.045189,0.051827,0.421460,0.343000,0.123316,0.208566,0.157928,0.014615,0.053492,0.228371,0.434828,0.512524,0.558943,0.671512,62.7160,11.9523,36.3078,48.1838,86.7340,95.7118,86.7301,76.4553,7.3927,8.3735,28.9704,16.9017,23.2319,68.7791,72.2427,15.4295,7.0532,5.6165,4.9421,3.6906
31,generic-extendable:setting-4,setting 4,generic-extendable,Generic extendable whip,telescopic,handheld_bench,0.222137,0,0,0.010588,0.657761,0.090044,0.072185,0.023270,0.016233,0.015236,0.015712,0.456997,0.333575,0.377075,0.122464,0.047940,0.007178,0.000000,0.129676,0.409742,0.464555,0.526361,0.666155,384.5738,3.4312,43.3610,53.2286,209.5703,250.8676,263.2568,255.9773,6.5430,13.1215,8.7813,35.9261,85.7292,152.6570,,28.8874,7.6901,6.4516,5.3919,3.7366
32,generic-extendable:setting-1,setting 1,generic-extendable,Generic extendable whip,telescopic,handheld_bench,0.220639,0,0,0.002284,0.406117,0.062589,0.017194,0.000000,0.000000,0.000000,0.000000,0.000000,0.212786,0.582843,0.327226,0.572033,0.400664,0.000000,0.029548,0.302692,0.371304,0.469167,0.656341,1755.1497,9.2738,72.4540,222.0457,,,,,,9.8312,4.6592,10.9183,4.8340,8.0960,,134.7378,11.0714,8.6463,6.3869,3.8352
33,generic-extendable:setting-8,setting 8,generic-extendable,Generic extendable whip,telescopic,handheld_bench,0.209193,0,0,0.047037,0.294174,0.070346,0.063507,0.073817,0.062285,0.069259,0.083806,0.293115,0.370862,0.000000,0.000000,0.038376,0.182059,0.156816,0.152310,0.476912,0.520554,0.544890,0.683728,87.6437,11.6860,56.9155,60.5211,50.1460,63.7492,55.7522,46.6002,11.5364,8.4751,,,48.7628,18.5339,23.4067,24.9054,6.2216,5.5084,5.1640,3.5694
34,generic-extendable:setting-10,setting 10,generic-extendable,Generic extendable whip,telescopic,handheld_bench,0.206460,0,0,0.098648,0.289128,0.143979,0.090952,0.035326,0.034936,0.035282,0.039709,0.321756,0.335380,0.175518,0.008264,0.000214,0.052975,0.115177,0.243462,0.427545,0.466094,0.546177,0.668680,40.7233,11.4949,30.7773,41.8889,112.0472,113.1059,111.2681,101.4342,10.3221,12.9523,22.5268,134.0239,217.3990,27.4688,32.8197,14.2472,7.2413,6.4216,5.1077,3.7103
35,generic-extendable:setting-5,setting 5,generic-extendable,Generic extendable whip,telescopic,handheld_bench,0.200547,0,0,0.015591,0.572499,0.088677,0.078963,0.064791,0.041417,0.045271,0.052252,0.187999,0.364992,0.000000,0.000000,0.000743,0.145473,0.142476,0.127245,0.401506,0.473821,0.540178,0.667038,259.3654,5.2900,43.9410,48.2234,75.1569,96.5688,86.6621,76.2572,19.1498,9.2743,,,525.3111,21.5405,26.1422,29.7668,7.8382,6.2791,5.2068,3.7317
36,generic-extendable:setting-7,setting 7,generic-extendable,Generic extendable whip,telescopic,handheld_bench,0.194420,0,0,0.040062,0.354515,0.072620,0.059191,0.085015,0.060070,0.068417,0.082004,0.055284,0.349985,0.134976,0.014873,0.001602,0.000032,0.103043,0.239780,0.465372,0.483376,0.532453,0.685723,101.5828,9.3195,54.1655,64.3824,48.9181,65.9480,57.1513,46.7253,70.2544,12.7476,30.6095,170.9801,1248.1423,173.0941,36.6857,14.6313,6.4561,6.1189,5.3200,3.5561
37,generic-extendable:setting-2,setting 2,generic-extendable,Generic extendable whip,telescopic,handheld_bench,0.191511,0,0,0.229070,0.589152,0.227095,0.048375,0.001787,0.000000,0.000000,0.000000,0.000391,0.427503,0.096238,0.002794,0.000000,0.002787,0.033857,0.230050,0.348644,0.415477,0.504983,0.672007,6.8070,3.9551,53.6386,80.8345,443.2837,,,,3712.6242,7.1302,42.5432,211.2977,,476.5948,116.3527,4.2034,9.3586,7.4993,5.7625,3.6839
38,rh789:setting-1,setting 1,rh789,RH789 telescopic,telescopic,handheld_bench,0.174170,0,0,0.000000,0.050831,0.065717,0.056920,0.002094,0.000000,0.000000,0.000000,0.000000,0.223481,0.643936,0.600233,0.596621,0.533635,0.000000,0.000000,0.003418,0.019880,0.182443,0.504195,,82.3735,70.7174,67.8200,427.3184,,,,,5.3482,4.0108,4.4667,4.5409,5.1588,,,123.7814,185.6645,19.6526,5.7635
39,rh789:setting-2,setting 2,rh789,RH789 telescopic,telescopic,handheld_bench,0.119738,0,0,0.000029,0.608339,0.119434,0.074492,0.008216,0.006370,0.000655,0.000000,0.347026,0.505712,0.077103,0.060360,0.025163,0.007881,0.000000,0.000000,0.000956,0.000000,0.072142,0.480890,12023.9268,4.2354,35.8288,50.9668,218.7914,426.7174,1942.1014,,9.4260,6.3972,53.1169,61.2953,163.5152,256.2457,,,66.2639,,52.6032,6.1571
