frequency_hz,s11_raw_real,s11_raw_imag
6350000,0.249606096,0.18934981866666667
6350389,0.24949024533333333,0.18928229866666668
6350778,0.249403088,0.189125216
6351167,0.24919890133333333,0.18886169066666664
6351556,0.24904473066666666,0.18867267733333332
6351944,0.24891775466666666,0.18861008533333334
6352333,0.248791504,0.18850228800000002
6352722,0.248700528,0.18839003733333337
6353111,0.24847258133333333,0.18808590399999997
6353500,0.24833426666666664,0.188027024
6353889,0.2482586933333333,0.18800639999999996
6354278,0.24810882133333334,0.1878815093333333
6354667,0.24802739199999996,0.18775351466666668
6355056,0.24777741866666664,0.18742991466666664
6355444,0.24761452266666667,0.1873269493333333
6355833,0.2475626293333333,0.18727306666666665
6356222,0.24741926399999997,0.18714090666666666
6356611,0.24728799466666665,0.18697498133333335
6357000,0.24707771199999998,0.18675427733333333
6357389,0.24694020266666666,0.18667573333333332
6357778,0.24687180266666667,0.1866625173333333
6358167,0.2467603306666667,0.186519392
6358556,0.24656414933333332,0.186277744
6358944,0.24639818666666669,0.18607935999999997
6359333,0.246251616,0.18601564266666665
6359722,0.24615195733333334,0.1859156853333333
6360111,0.24606303466666668,0.18575412266666663
6360500,0.24580420799999997,0.18550794666666665
6360889,0.24565673066666666,0.18544339199999998
6361278,0.245563232,0.18539699199999998
6361667,0.245463648,0.18529014933333335
6362056,0.24534306666666666,0.18516573333333333
6362444,0.24509457599999998,0.184844336
6362833,0.24492741333333334,0.184740688
6363222,0.24485203733333333,0.18468757866666666
6363611,0.244726832,0.18456856
6364000,0.2446377813333333,0.184425232
6364389,0.244378064,0.18417961066666666
6364778,0.24422307733333332,0.18410762666666664
6365167,0.24417474666666666,0.1840812533333333
6365556,0.24404520533333332,0.18392541333333334
6365944,0.24386048,0.18371611733333332
6366333,0.24366062933333335,0.18351826666666665
6366722,0.2435291093333333,0.1834450453333333
6367111,0.24342151999999997,0.18334798933333332
6367500,0.24331035733333334,0.18322511466666663
6367889,0.24306626133333334,0.18296192533333333
6368278,0.24290705599999998,0.18287607466666667
6368667,0.2427818613333333,0.18284417066666664
6369056,0.24269530133333334,0.18271917866666665
6369445,0.24260201066666665,0.18257862399999997
6369833,0.242298048,0.18230340266666667
6370222,0.24215125333333332,0.18218899733333332
6370611,0.24207879466666665,0.18213992533333334
6371000,0.24197108266666667,0.18202858666666666
6371389,0.24183767466666664,0.1818826613333333
6371778,0.24156177599999998,0.1816260373333333
6372167,0.2414272693333333,0.18156247466666664
6372556,0.24136080533333332,0.1815256746666667
6372945,0.24126610133333332,0.18140204266666665
6373333,0.24103981866666668,0.18118860266666664
6373722,0.240860192,0.18100013333333334
6374111,0.24071661333333333,0.180918384
6374500,0.24060716266666665,0.18081569066666664
6374889,0.24051590933333333,0.180674912
6375278,0.24023328,0.18045266133333332
6375667,0.24007679466666665,0.180358864
6376056,0.23996017066666667,0.180314688
6376445,0.23987265066666666,0.1801972853333333
6376833,0.23975974933333336,0.18007082666666666
6377222,0.239457584,0.179799344
6377611,0.23932025066666665,0.17970798933333332
6378000,0.23925042133333332,0.17963140266666666
6378389,0.23917104,0.17953286400000001
6378778,0.23899685333333331,0.17937296000000003
6379167,0.23868701866666667,0.17914765866666665
6379556,0.238572128,0.17909687466666668
6379945,0.23850422933333332,0.17901531199999998
6380333,0.23841953600000002,0.17889521066666664
6380722,0.23822585066666668,0.17871371733333333
6381111,0.23798298666666665,0.17851617600000003
6381500,0.237846976,0.17844618666666667
6381889,0.2377912053333333,0.17836409599999997
6382278,0.23763801066666668,0.17819643733333335
6382667,0.237390736,0.17797444799999998
6383056,0.23723505066666667,0.17790253866666667
6383445,0.2371266933333333,0.17783220800000002
6383833,0.237017888,0.17773867733333332
6384222,0.23691501866666667,0.1775977493333333
6384611,0.23658424,0.1773468106666667
6385000,0.23644509333333333,0.17723971733333332
6385389,0.23636668266666666,0.17716849066666665
6385778,0.23625278933333332,0.17706515199999998
6386167,0.23613538133333334,0.17691283733333332
6386556,0.23581891733333332,0.17670994666666667
6386945,0.2356900053333333,0.1766371893333333
6387333,0.23562688,0.17658970133333332
6387722,0.23551489599999997,0.17645314133333334
6388111,0.2353489653333333,0.17629688533333332
6388500,0.23507534933333332,0.17607986666666667
6388889,0.234926816,0.17599465066666667
6389278,0.23489348266666665,0.17589762666666667
6389667,0.23473602133333332,0.17574530666666666
6390056,0.23446928,0.17557966399999997
6390445,0.234323168,0.17545833066666666
6390833,0.23420305599999997,0.1754111413333333
6391222,0.2341538933333333,0.17531288533333333
6391611,0.23395085333333335,0.17513587733333336
6392000,0.23366814399999997,0.17496327999999997
6392389,0.23355209066666666,0.1748833813333333
6392778,0.2334065173333333,0.17473503999999998
6393167,0.23337248533333332,0.17465418133333332
6393556,0.2331058133333333,0.17444186666666664
6393945,0.23285363733333334,0.1742675093333333
6394333,0.2327615573333333,0.17424137066666667
6394722,0.2326518933333333,0.1741588053333333
6395111,0.23260707733333333,0.17405481066666664
6395500,0.23233991999999998,0.17387748266666664
6395889,0.23209420799999997,0.17372726399999996
6396278,0.23197596266666665,0.17363022399999997
6396667,0.23192766933333334,0.17349791466666664
6397056,0.23176787199999999,0.1733453333333333
6397445,0.2314837866666667,0.17317595733333335
6397833,0.23132158400000002,0.17306317333333332
6398222,0.23119177066666666,0.17301979733333334
6398611,0.23116573333333335,0.17291772266666663
6399000,0.230934624,0.17275506666666665
6399389,0.23062197866666662,0.1725842773333333
6399778,0.23054856533333334,0.17250378666666666
6400167,0.23039513599999997,0.17237842666666664
6400556,0.230349392,0.172268208
6400945,0.230105872,0.1720805333333333
6401333,0.22983210133333334,0.17194315200000002
6401722,0.22973745066666665,0.171873328
6402111,0.229618656,0.17178661866666667
6402500,0.2295398293333333,0.17166212266666664
6402889,0.22929945066666663,0.17151692799999999
6403278,0.22904725866666667,0.17137392533333334
6403667,0.22892248533333331,0.17126974933333333
6404056,0.22883716266666665,0.17113698666666669
6404445,0.22870045333333333,0.17097837333333335
6404833,0.2284137493333333,0.17083495466666665
6405222,0.22823496,0.170707936
6405611,0.22810615999999997,0.170682272
6406000,0.22807840533333334,0.17059170666666668
6406389,0.22785224533333331,0.1704016533333333
6406778,0.22756705066666666,0.17026962133333334
6407167,0.227438336,0.17016621333333332
6407556,0.22730335999999998,0.17004319999999998
6407945,0.2272553386666667,0.16993287466666665
6408334,0.22696391999999999,0.16973825066666665
6408722,0.22668177066666664,0.16961776533333334
6409111,0.22662901866666665,0.16955823999999997
6409500,0.22648118399999997,0.1695000693333333
6409889,0.22647891199999998,0.16936358399999998
6410278,0.22618885333333333,0.169206064
6410667,0.22593016533333332,0.16907066133333332
6411056,0.22580251199999996,0.16896968
6411445,0.22573466133333334,0.16884014399999997
6411834,0.22560131733333333,0.1687084
6412222,0.22530807466666664,0.16855746666666663
6412611,0.22513193599999998,0.16843618666666665
6413000,0.2249947253333333,0.16839229333333333
6413389,0.22495071466666663,0.16826415466666667
6413778,0.224743664,0.168129712
6414167,0.22446137599999996,0.16800989866666663
6414556,0.22433225066666665,0.16791367999999998
6414945,0.22418134933333334,0.16778518399999998
6415334,0.22414015999999998,0.16765762666666664
6415722,0.22386819733333332,0.16748696533333332
6416111,0.22358202133333333,0.16738355733333332
6416500,0.22349528533333332,0.16731415466666666
6416889,0.22337871999999998,0.1672279893333333
6417278,0.22333737066666665,0.1670975733333333
6417667,0.22304438933333331,0.16696069333333333
6418056,0.22277174933333332,0.16682972266666665
6418445,0.222660784,0.16673164799999998
6418834,0.22257864,0.16659702933333334
6419222,0.22247904,0.16646550933333332
6419611,0.22215127466666665,0.16633872533333333
6420000,0.22196,0.16619854933333333
6420389,0.221838224,0.16615427733333332
6420778,0.22176570666666665,0.166008816
6421167,0.2215746293333333,0.16591378133333334
6421556,0.22129840533333334,0.16579677866666664
6421945,0.22114983466666666,0.16568705066666667
6422334,0.2210077173333333,0.16556423999999997
6422722,0.220952512,0.16540607466666665
6423111,0.2206764373333333,0.165272592
6423500,0.22039242666666664,0.1651750773333333
6423889,0.22028594666666668,0.16509383466666666
6424278,0.22016187199999998,0.165020224
6424667,0.22010522133333332,0.164873408
6425056,0.21982718933333334,0.16475713066666667
6425445,0.2195466453333333,0.1646546613333333
6425834,0.21944317866666668,0.1645565493333333
6426222,0.219332784,0.164408672
6426611,0.219226384,0.16426555199999998
6427000,0.21892487466666666,0.16413893333333332
6427389,0.218701584,0.16401620799999997
6427778,0.21857857066666667,0.16395363733333332
6428167,0.21838346133333333,0.1638557493333333
6428556,0.21833845866666662,0.16376477866666667
6428945,0.21814143466666663,0.1636246613333333
6429334,0.21792059733333335,0.16353847999999999
6429722,0.21770685866666667,0.16346334399999998
6430111,0.21756889599999998,0.1632915093333333
6430500,0.21750165333333332,0.16317468266666663
6430889,0.21728276799999996,0.16301159466666665
6431278,0.21699017599999998,0.16292128533333333
6431667,0.216845104,0.162810688
6432056,0.21673144,0.1627386933333333
6432445,0.21665494933333332,0.16264348799999997
6432834,0.21639386666666663,0.16251009066666666
6433222,0.21610827199999996,0.162423248
6433611,0.21597496,0.16230435733333332
6434000,0.2158965493333333,0.16217188266666666
6434389,0.21573414933333335,0.162038688
6434778,0.21548364266666664,0.161927088
6435167,0.21524262933333332,0.16180769066666667
6435556,0.21511398399999998,0.16174541866666664
6435945,0.21502444266666668,0.16164730133333333
6436334,0.21484730666666665,0.16153215999999998
6436722,0.21461668266666667,0.16141350933333334
6437111,0.2143885813333333,0.16132549333333335
6437500,0.21425664,0.16119967466666668
6437889,0.21417148266666666,0.16105820266666665
6438278,0.21398322666666664,0.16093314133333333
6438667,0.2136924,0.1608226453333333
6439056,0.2135568,0.160752432
6439445,0.2134640853333333,0.16067642666666665
6439834,0.21332939733333334,0.160535728
6440222,0.21308357866666666,0.16043180266666665
6440611,0.21280244799999998,0.16037321599999999
6441000,0.21265332800000003,0.16024248533333332
6441389,0.21257472533333335,0.16010165333333332
6441778,0.21242521066666667,0.15997038933333332
6442167,0.21218757333333332,0.15986509866666665
6442556,0.21193381333333333,0.15975914666666666
6442945,0.21178962133333334,0.15970101866666664
6443334,0.21170130133333334,0.1595856
6443722,0.21151388266666665,0.15948003733333332
6444111,0.211295232,0.15937874133333332
6444500,0.21108074666666665,0.15930726933333333
6444889,0.21093106133333334,0.15916487999999998
6445278,0.21080757333333333,0.15899821333333333
6445667,0.21061251733333333,0.15890384533333335
6446056,0.21035394666666665,0.15879593066666664
6446445,0.21017438933333332,0.158734768
6446834,0.21005778666666666,0.15864295466666664
6447223,0.20996819199999997,0.15849404266666667
6447611,0.2097467733333333,0.158402464
6448000,0.20944396266666665,0.1583695413333333
6448389,0.20929137599999997,0.15824304533333333
6448778,0.20918892266666667,0.15808107200000002
6449167,0.20901112,0.15795068266666665
6449556,0.2087511413333333,0.15787343999999998
6449945,0.20852727999999998,0.1577758933333333
6450334,0.20837581333333333,0.1577100853333333
6450723,0.20829993066666666,0.157583792
6451111,0.208115216,0.1574709973333333
6451500,0.20789679466666666,0.157390336
6451889,0.20764778133333334,0.15735682133333334
6452278,0.20749210133333332,0.15720514133333333
6452667,0.2073932373333333,0.15705770133333333
6453056,0.207203568,0.15692810133333332
6453445,0.206924816,0.15686857599999998
6453834,0.20673398399999998,0.15676794666666666
6454223,0.20662078399999997,0.156685312
6454611,0.2065164373333333,0.15655809599999998
6455000,0.20628839999999998,0.15645915733333332
6455389,0.205998928,0.15642281066666666
6455778,0.2058332213333333,0.15630629866666665
6456167,0.20570142399999997,0.15612293333333332
6456556,0.20557166933333332,0.15600514666666665
6456945,0.205347408,0.155921824
6457334,0.20509340266666665,0.1558446613333333
6457723,0.20493137066666667,0.15578741333333335
6458111,0.20483450666666664,0.15564834666666666
6458500,0.204642416,0.15556118933333332
6458889,0.20441405333333332,0.15547442666666667
6459278,0.20417865066666666,0.15544431999999997
6459667,0.2040139893333333,0.155308288
6460056,0.20393632533333333,0.15513135466666667
6460445,0.2037154773333333,0.15501888533333333
6460834,0.20346237866666667,0.15497475733333332
6461223,0.2032676853333333,0.15486339733333335
6461611,0.20313881066666664,0.154794512
6462000,0.20304576533333332,0.15463127466666665
6462389,0.20280807466666664,0.15455330666666667
6462778,0.202516288,0.15453705066666668
6463167,0.20235287999999998,0.1544297973333333
6463556,0.202215056,0.154276352
6463945,0.2020890933333333,0.15412736533333332
6464334,0.20186001066666664,0.15404176
6464723,0.20159399466666666,0.15399261866666666
6465111,0.20144677866666666,0.15392538666666666
6465500,0.201316784,0.15380700266666666
6465889,0.20114576,0.15370296533333333
6466278,0.20092038933333334,0.15364285866666666
6466667,0.2006742133333333,0.15360365866666664
6467056,0.20053855466666665,0.15341167466666666
6467445,0.20025567999999996,0.15339076266666665
6467834,0.200183552,0.1531977813333333
6468223,0.19997831466666666,0.15309405866666664
6468611,0.19991561066666666,0.1529210453333333
6469000,0.199557472,0.15295264
6469389,0.19935035199999998,0.15288751466666664
6469778,0.19924058133333333,0.15275808000000002
6470167,0.19909164266666668,0.15262690666666667
6470556,0.19895124266666667,0.15250117866666668
6470945,0.19859122666666665,0.15253208000000001
6471334,0.198438416,0.15236565866666665
6471723,0.198283376,0.15228446399999998
6472111,0.198155408,0.152109728
6472500,0.197909872,0.15203242666666666
6472889,0.19762133333333334,0.15208501333333332
6473278,0.19752415466666665,0.15195876266666666
6473667,0.19734230933333333,0.151835744
6474056,0.19720825066666664,0.151646416
6474445,0.19694906666666667,0.15165085866666664
6474834,0.19667842666666663,0.15162741333333332
6475223,0.1965674933333333,0.15143986133333334
6475611,0.19641052266666664,0.15135046933333332
6476000,0.19628201599999998,0.15112437333333334
6476389,0.19594515733333334,0.15119393066666667
6476778,0.19571457066666664,0.15113641066666667
6477167,0.19562017599999998,0.15102564799999998
6477556,0.19544584,0.15090061333333332
6477945,0.19527759466666664,0.15076394666666665
6478334,0.19495995199999996,0.15081065066666666
6478723,0.194807616,0.15063570666666665
6479111,0.194638416,0.15057932799999998
6479500,0.19447968,0.15038891733333332
6479889,0.19426051733333333,0.15030629333333334
6480278,0.19398230933333332,0.150364112
6480667,0.19385871999999998,0.15026655999999997
6481056,0.1936751733333333,0.150159936
6481445,0.19355104533333334,0.149958288
6481834,0.19326231466666668,0.14996578666666666
6482223,0.19298572799999997,0.149935712
6482611,0.19288113066666668,0.14975914666666668
6483000,0.192713664,0.14967468266666664
6483389,0.1926043786666667,0.14946581866666667
6483778,0.1923064853333333,0.14949973333333333
6484167,0.19205146666666667,0.149483712
6484556,0.19191108266666668,0.149352384
6484945,0.19175140266666668,0.14925083733333333
6485334,0.19161334933333332,0.14904965333333334
6485723,0.19129757333333333,0.149134416
6486112,0.19111156266666665,0.14900326399999997
6486500,0.19096809066666667,0.1489037013333333
6486889,0.19079450133333334,0.14874244266666664
6487278,0.19060824533333331,0.14865871466666666
6487667,0.19032050666666667,0.14870415466666667
6488056,0.19019232533333333,0.1486148853333333
6488445,0.19000559466666667,0.148503968
6488834,0.18984604266666666,0.14832654933333334
6489223,0.1895725226666667,0.1483108853333333
6489612,0.189336336,0.1483426293333333
6490000,0.18920315199999999,0.14813632533333332
6490389,0.18900863466666665,0.14806953599999997
6490778,0.18889386666666666,0.14783100799999999
6491167,0.188602144,0.147883392
6491556,0.18836372266666668,0.14788920533333333
6491945,0.18824613866666667,0.147754432
6492334,0.188045712,0.14766152
6492723,0.18793945599999998,0.14745598399999998
6493112,0.18760971733333334,0.14754997866666666
6493500,0.187414896,0.147432336
6493889,0.18724316266666666,0.14733593066666667
6494278,0.18708571733333335,0.14715939733333333
6494667,0.18687205866666667,0.147078272
6495056,0.18660418133333334,0.14716328
6495445,0.18645063466666667,0.1470608373333333
6495834,0.18627218666666662,0.14693205866666667
6496223,0.18612548799999998,0.14677163733333332
6496612,0.18586463466666664,0.14675697599999998
6497000,0.18559578133333332,0.14679208533333332
6497389,0.18544113066666662,0.14658279466666663
6497778,0.18527377066666667,0.14653228799999998
6498167,0.18511549333333333,0.14633634666666667
6498556,0.18483903466666665,0.14637586133333336
6498945,0.184626656,0.14636808
6499334,0.18445135999999998,0.14622255466666667
6499723,0.18425510933333333,0.146137472
6500112,0.18412244266666666,0.14594709333333333
6500500,0.18384108266666668,0.14606216
6500889,0.18358037333333332,0.145928848
6501278,0.18344978666666667,0.14582478399999999
6501667,0.18328727466666667,0.1456590613333333
6502056,0.18307277333333333,0.14558398399999997
6502445,0.182803152,0.14566730666666666
6502834,0.1826414613333333,0.1455811733333333
6503223,0.18244922666666666,0.14546220799999998
6503612,0.18226634666666666,0.14531021866666666
6504000,0.1820502613333333,0.14529508266666666
6504389,0.18178396266666666,0.14533712
6504778,0.18161876266666666,0.14513701333333331
6505167,0.18142158933333333,0.14506514666666664
6505556,0.181311104,0.14485538666666664
6505945,0.18106091733333332,0.14488394133333332
6506334,0.18085131733333332,0.14473830933333334
6506723,0.18057154666666664,0.14485998933333333
6507112,0.18039914133333335,0.14478754666666666
6507500,0.18021954666666665,0.1446568053333333
6507889,0.18005329066666667,0.1445377973333333
6508278,0.17983545599999998,0.14445070399999999
6508667,0.17958411200000002,0.1445293973333333
6509056,0.17938572266666666,0.14432762666666668
6509445,0.17919617066666665,0.14426668266666667
6509834,0.17905527999999998,0.14406128533333332
6510223,0.1787952213333333,0.14408593066666664
6510611,0.178562896,0.14413530133333333
6511000,0.17838258133333332,0.14399457066666665
6511389,0.17818694933333334,0.14394810666666663
6511778,0.17799431999999996,0.14376828266666666
6512167,0.17775959466666663,0.14384633066666666
6512556,0.17752869866666665,0.14376274666666666
6512945,0.17736118933333334,0.14362937066666664
6513334,0.17715945066666663,0.14352043733333333
6513722,0.17695441066666664,0.14340482666666665
6514111,0.17669271466666664,0.14350779733333333
6514500,0.17651179199999995,0.14343981866666666
6514889,0.17633244799999997,0.14331899199999998
6515278,0.17614750933333334,0.14317521066666666
6515667,0.17595618666666663,0.14310168
6516056,0.1756864053333333,0.14321208533333332
6516445,0.17550105066666666,0.14302146666666665
6516834,0.175318656,0.14294578133333333
6517222,0.17512058666666666,0.1427732693333333
6517611,0.17487960533333335,0.1427900533333333
6518000,0.17465343466666666,0.14284490133333333
6518389,0.17449484266666665,0.14269773333333335
6518778,0.17429885866666664,0.14264065599999998
6519167,0.17409086933333331,0.14243916266666665
6519556,0.17386118933333333,0.14254509866666668
6519945,0.17364277866666666,0.14247893333333334
6520333,0.17348342399999997,0.14233889066666663
6520722,0.17325058666666662,0.14224569066666665
6521111,0.17304741333333332,0.1421265173333333
6521500,0.17281660799999998,0.14222708266666664
6521889,0.17263599466666668,0.1421622773333333
6522278,0.17242810133333333,0.14202546133333332
6522667,0.172222208,0.14192228266666665
6523056,0.1720376,0.14183963733333332
6523444,0.171794272,0.14195959466666666
6523833,0.17159149333333334,0.14177054933333333
6524222,0.17139539733333334,0.14170373333333333
6524611,0.17120456533333334,0.14152257066666665
6525000,0.170979952,0.14153063466666665
6525389,0.17075081066666667,0.14160991466666667
6525778,0.17054532266666667,0.14148275733333332
6526167,0.17035360533333335,0.14143326933333333
6526556,0.17018262933333334,0.14124492266666666
6526944,0.16993412266666666,0.14131810133333333
6527333,0.16971185066666666,0.14127813333333333
6527722,0.169528992,0.141132944
6528111,0.169283792,0.14106075199999998
6528500,0.1691252533333333,0.14092938666666666
6528889,0.16888578133333332,0.14106953066666664
6529278,0.1686722293333333,0.14099480533333333
6529667,0.16845741866666666,0.140880928
6530055,0.16825250133333336,0.14077157333333334
6530444,0.16805624,0.140691488
6530833,0.16783184,0.14079826666666667
6531222,0.16761542933333332,0.14064848533333332
6531611,0.16741972799999996,0.14055882666666666
6532000,0.16721213866666665,0.14040189333333333
6532389,0.16698884799999997,0.140401104
6532778,0.16676909333333334,0.140472208
6533166,0.16654165333333332,0.14035512533333333
6533555,0.1663601653333333,0.14029555733333332
6533944,0.16611809599999997,0.140127392
6534333,0.1659413813333333,0.14022362133333333
6534722,0.16571379733333333,0.14018165333333332
6535111,0.16550500266666668,0.14003016533333335
6535500,0.16529070399999998,0.13996209066666665
6535889,0.16510255466666668,0.13982749866666666
6536278,0.1648717813333333,0.13995744
6536666,0.1646595893333333,0.139920368
6537055,0.1644494293333333,0.13978938666666665
6537444,0.1642404853333333,0.13971255466666666
6537833,0.164033632,0.13960805333333332
6538222,0.16381534399999997,0.13973453333333333
6538611,0.16357731199999997,0.13959563199999997
6539000,0.163372688,0.13951410666666667
6539389,0.163169024,0.13937008
6539777,0.16295628266666667,0.13935386666666666
6540166,0.16273818133333331,0.13945436266666666
6540555,0.16252802133333333,0.13933181866666666
6540944,0.162330592,0.139283568
6541333,0.16213024533333334,0.13909698666666664
6541722,0.16193370133333332,0.13916785599999998
6542111,0.1616986026666667,0.13916866133333333
6542500,0.16148573866666666,0.13899653866666664
6542888,0.161266688,0.13894581333333333
6543277,0.16104756266666667,0.1388179573333333
6543666,0.16085751999999998,0.13893916799999997
6544055,0.16065371733333333,0.13891698133333333
6544444,0.16043680533333332,0.1387919573333333
6544833,0.16021621866666663,0.13879343466666666
6545222,0.15998922133333332,0.13867753066666666
6545611,0.15976756266666664,0.13861437333333332
6546000,0.159581408,0.13860847466666665
6546388,0.15937090133333331,0.13856412266666668
6546777,0.1591641013333333,0.13849505066666667
6547166,0.15893460266666665,0.138376176
6547555,0.15873564799999998,0.13836617066666668
6547944,0.15852181866666665,0.138354256
6548333,0.15828853333333331,0.13836980799999998
6548722,0.15809389333333335,0.13832076266666665
6549111,0.15791781333333332,0.13815898666666665
6549500,0.1577050293333333,0.138133136
6549888,0.15744162133333334,0.13814402666666667
6550277,0.15723743466666668,0.13808271466666666
6550666,0.157011312,0.13800098133333333
6551055,0.15680276799999998,0.13786851733333333
6551444,0.156578912,0.13791055466666666
6551833,0.15637247999999998,0.13789205333333332
6552222,0.156171824,0.13791319999999999
6552611,0.15593585066666665,0.137782944
6553000,0.155738688,0.13770333333333334
6553388,0.1555447573333333,0.13770274133333332
6553777,0.15533761599999998,0.13763969599999998
6554166,0.15515204266666666,0.13758458133333332
6554555,0.15485015466666668,0.1374917493333333
6554944,0.15465104533333332,0.13748620266666667
6555333,0.154446224,0.13750592
6555722,0.15424478933333333,0.13750434133333334
6556111,0.15402514666666667,0.1374538293333333
6556500,0.15374980266666666,0.13732436266666664
6556888,0.15356461866666665,0.13732497066666666
6557277,0.15334047466666667,0.1373154773333333
6557666,0.15313641599999997,0.13726319999999997
6558055,0.15290566933333333,0.1371760853333333
6558444,0.152678912,0.137068912
6558833,0.15248611199999998,0.13707890133333334
6559222,0.152247952,0.13709154133333334
6559611,0.15205048533333335,0.13708814933333335
6560000,0.151811008,0.1370037013333333
6560388,0.15161266666666665,0.13696378666666664
6560777,0.15140582399999997,0.136906432
6561166,0.15119420266666664,0.13687622933333332
6561555,0.15096476266666664,0.136828608
6561944,0.15075386666666668,0.1367376853333333
6562333,0.15050365866666665,0.13674567466666665
6562722,0.15032037866666664,0.13673565333333332
6563111,0.15011070399999998,0.13675945066666664
6563500,0.14989097066666668,0.13672743999999998
6563889,0.1496626773333333,0.13656354666666665
6564277,0.14946236266666665,0.13656778666666664
6564666,0.149227648,0.13656261866666666
6565055,0.14902437333333332,0.13653058666666665
6565444,0.148782768,0.1364671573333333
6565833,0.1485471413333333,0.136372144
6566222,0.14836048,0.13636968533333332
6566611,0.14815457066666665,0.13635693333333335
6567000,0.14793336,0.13638713066666666
6567389,0.147686944,0.1363025813333333
6567777,0.147456176,0.13623918399999999
6568166,0.147270912,0.13623878399999997
6568555,0.147055968,0.13620079466666668
6568944,0.14684381333333332,0.13614883733333333
6569333,0.146599184,0.13607417066666666
6569722,0.14639333866666665,0.13603305066666666
6570111,0.14618021333333334,0.13606157333333335
6570500,0.14598008533333331,0.1360809706666667
6570889,0.14576635733333332,0.13609527999999999
6571277,0.14551596266666667,0.13594736533333332
6571666,0.14530542933333332,0.13591957866666665
6572055,0.14511308266666667,0.13593909866666665
6572444,0.14488434666666664,0.13588513066666666
6572833,0.1446595573333333,0.13582351466666664
6573222,0.1444042133333333,0.13571744533333333
6573611,0.14419712533333331,0.13572588266666666
6574000,0.14400810133333333,0.13575255466666664
6574389,0.14378748266666666,0.13576508266666665
6574777,0.14356560533333332,0.1357196373333333
6575166,0.143316384,0.1356445013333333
6575555,0.14313378133333332,0.13563073066666667
6575944,0.14290754133333333,0.13557776533333332
6576333,0.14269039466666666,0.135559488
6576722,0.14243734933333332,0.13549193066666665
6577111,0.14222868266666666,0.135449936
6577500,0.142031424,0.135472192
6577889,0.14183077866666666,0.1354958613333333
6578277,0.14159937066666667,0.13549855466666666
6578666,0.14132668266666665,0.13535619733333332
6579055,0.14115131199999997,0.135379872
6579444,0.14093116266666667,0.13537715733333333
6579833,0.14071068266666667,0.13535604799999998
6580222,0.140474464,0.13529922133333333
6580611,0.140220016,0.13519411199999998
6581000,0.14003335466666667,0.13517458666666665
6581389,0.13979293866666664,0.13520961599999998
6581777,0.13958514666666666,0.13526709866666667
6582166,0.1393505493333333,0.13521708799999999
6582555,0.13911659733333331,0.13511224
6582944,0.13891923733333333,0.13512401066666668
6583333,0.13870898666666664,0.1350818933333333
6583722,0.13843999466666665,0.13509218133333334
6584111,0.13823728533333335,0.13503788266666666
6584500,0.13806070399999998,0.13504399466666667
6584889,0.13775284266666665,0.13496313066666665
6585277,0.1375682133333333,0.13498662933333333
6585666,0.13730535466666666,0.134899664
6586055,0.137132176,0.134978624
6586444,0.136909552,0.1349925813333333
6586833,0.13667733866666668,0.134930848
6587222,0.1364569813333333,0.13493749333333332
6587611,0.13620045866666666,0.13479632533333333
6588000,0.13603656,0.13489825066666666
6588389,0.13577688,0.134788256
6588777,0.13555557333333332,0.1348171893333333
6589166,0.13534661866666667,0.134787744
6589555,0.135089632,0.1347484
6589944,0.13493593066666665,0.13483956266666666
6590333,0.13466517866666666,0.13477540799999999
6590722,0.1344538826666667,0.13478236266666666
6591111,0.13423231466666666,0.13470713066666665
6591500,0.13400616799999998,0.13468144533333332
6591889,0.133821192,0.13467180266666667
6592277,0.133540272,0.13457562666666667
6592666,0.133384416,0.13459516266666666
6593055,0.133083736,0.13456892266666665
6593444,0.13290085866666665,0.13460839466666666
6593833,0.132685328,0.13462839999999998
6594222,0.1324155813333333,0.13457241599999997
6594611,0.13223828533333332,0.13458829333333333
6595000,0.131967792,0.13448222933333334
6595389,0.13181928266666665,0.13455521599999998
6595777,0.13156443733333334,0.134452416
6596166,0.13133389066666667,0.13449317866666669
6596555,0.13110807733333332,0.13447191466666666
6596944,0.1308709733333333,0.13442159466666664
6597333,0.13072115733333334,0.13450283200000002
6597722,0.13044493333333332,0.13447034666666663
6598111,0.13022847466666668,0.13447815999999999
6598500,0.1299944826666667,0.134403616
6598889,0.1297818613333333,0.134355528
6599277,0.12960410133333333,0.13440188266666667
6599666,0.1292993493333333,0.134315648
6600055,0.12910812266666666,0.13436618133333333
6600444,0.12883655733333332,0.13430504
6600833,0.12865752,0.13437476266666665
6601222,0.12843796,0.134390192
6601611,0.12817046933333331,0.13431860266666665
6602000,0.12800811466666667,0.13434880533333332
6602389,0.12772900799999998,0.134243752
6602778,0.12754761599999997,0.13432510933333333
6603166,0.12732655199999998,0.134234032
6603555,0.12705852,0.134268672
6603944,0.12686378666666667,0.13424528266666666
6604333,0.12660830933333334,0.13424130933333334
6604722,0.12642994666666665,0.13433127466666667
6605111,0.12616699466666667,0.13427624
6605500,0.12595304,0.134268728
6605889,0.12572133600000002,0.13423168
6606278,0.12548651733333333,0.1342172053333333
6606666,0.12530058666666666,0.1342416693333333
6607055,0.125020632,0.13416918933333333
6607444,0.124803536,0.13421842666666667
6607833,0.124545888,0.13416378133333332
6608222,0.124324432,0.1342435893333333
6608611,0.12415272799999999,0.134239488
6609000,0.12384491999999998,0.13420367733333333
6609389,0.12367858666666666,0.13425525866666665
6609778,0.12341324,0.134145216
6610166,0.12323690666666666,0.13419683733333332
6610555,0.122989896,0.13413662666666668
6610944,0.12276930133333333,0.13415079200000002
6611333,0.12252685333333332,0.134140696
6611722,0.12227305866666667,0.13412976799999998
6612111,0.12210965066666668,0.13423942933333333
6612500,0.12184492533333333,0.13420875466666665
6612889,0.12160912266666665,0.13422582133333333
6613278,0.12139701866666666,0.134191968
6613666,0.12113913066666666,0.13412463466666666
6614055,0.120994248,0.134193712
6614444,0.120682896,0.1341278773333333
6614833,0.12047842666666667,0.13419026933333333
6615222,0.12023715199999999,0.1341438293333333
6615611,0.12001037333333334,0.134194144
6616000,0.11980834133333332,0.13422982133333333
6616389,0.11954938933333333,0.13417733599999998
6616778,0.119365344,0.1342369813333333
6617166,0.11906177866666667,0.13412214133333333
6617555,0.11892130666666667,0.13420224800000002
6617944,0.11866366933333333,0.13414439466666667
6618333,0.11840699733333333,0.13416182399999999
6618722,0.11819650666666666,0.13416146666666667
6619111,0.11794818133333332,0.13414327199999998
6619500,0.11778196799999999,0.13422995466666665
6619889,0.11753317866666665,0.13421741599999998
6620278,0.11729698933333332,0.13424140266666665
6620666,0.11705646933333333,0.13423475466666665
6621055,0.11683049066666665,0.13418188533333333
6621444,0.11666649066666668,0.13422994933333332
6621833,0.11636261866666667,0.13417335466666663
6622222,0.116178808,0.13422257866666665
6622611,0.11594296533333333,0.1341551493333333
6623000,0.11576014933333334,0.13421438933333332
6623389,0.11545491733333332,0.1342178453333333
6623778,0.11527800533333332,0.134310384
6624166,0.11500227733333332,0.1342657173333333
6624555,0.11483778666666666,0.13433029866666665
6624944,0.11464342933333334,0.13432683733333334
6625333,0.114343632,0.13426629333333331
6625722,0.11415973333333332,0.13429806933333333
6626111,0.11388540799999998,0.13419624266666666
6626500,0.11368568800000001,0.13425863733333332
6626889,0.11347193866666666,0.134272112
6627278,0.11321863733333333,0.13434650666666664
6627666,0.112994384,0.13439417599999998
6628055,0.11272795733333332,0.13439063466666668
6628444,0.11257914133333333,0.13442584533333335
6628833,0.11233469066666665,0.13438580266666666
6629222,0.112098824,0.1343811093333333
6629611,0.11186387733333332,0.134340928
6630000,0.11159517333333333,0.13432281066666665
6630389,0.11144470933333334,0.13437693866666667
6630778,0.111147408,0.13437855999999998
6631166,0.11095454666666667,0.134480672
6631555,0.11069478399999999,0.13443677866666665
6631944,0.11049550933333332,0.13453071466666666
6632333,0.11032639999999999,0.13454964266666664
6632722,0.11002323733333333,0.13446844800000002
6633111,0.109825632,0.134533984
6633500,0.10955134133333333,0.13440159466666668
6633889,0.10936147466666665,0.13448248533333332
6634278,0.10912607733333335,0.13448736533333333
6634666,0.108875104,0.13457298666666667
6635055,0.10865558133333332,0.13462931733333333
6635444,0.10836571733333333,0.13462177599999997
6635833,0.10824104799999998,0.13469106666666666
6636222,0.10801001866666667,0.13466647466666667
6636611,0.10775045866666666,0.134653872
6637000,0.10751786133333333,0.13467101866666664
6637389,0.107264616,0.1345993013333333
6637778,0.10710219733333333,0.13467527466666665
6638166,0.10680299733333332,0.134717712
6638555,0.10658653333333334,0.13478122666666664
6638944,0.10631046666666666,0.13478141866666665
6639333,0.10612015199999998,0.13481625066666664
6639722,0.10595730666666665,0.13486515733333332
6640111,0.10566301866666666,0.13481991466666665
6640500,0.10547101599999999,0.13485739199999996
6640889,0.10519893866666666,0.1347799893333333
6641278,0.10503595466666667,0.134823008
6641667,0.10475891466666666,0.13490242666666666
6642055,0.10453803466666667,0.13492423466666664
6642444,0.10428635199999998,0.13499364799999997
6642833,0.10403620266666666,0.13497731733333332
6643222,0.10388974933333334,0.1350786293333333
6643611,0.10365676800000001,0.135069424
6644000,0.10339301866666667,0.13504610133333333
6644389,0.10321042133333333,0.13507745599999998
6644778,0.10290238399999999,0.13500423466666667
6645167,0.10275364266666667,0.13507105066666664
6645555,0.10246662666666667,0.135081136
6645944,0.10226871733333333,0.135198832
6646333,0.10197546666666665,0.13520673066666666
6646722,0.10175558399999998,0.13526333333333332
6647111,0.101615648,0.13530161066666663
6647500,0.10131750133333334,0.13525455466666664
6647889,0.10113890399999999,0.13532848
6648278,0.10084637333333332,0.13522742933333332
6648667,0.10064347733333334,0.1352954133333333
6649055,0.10044339999999999,0.13530889599999998
6649444,0.10018345866666667,0.135411552
6649833,0.10000073333333333,0.13545525333333333
6650222,0.09969052,0.13546668266666664
6650611,0.09955003200000001,0.135552544
6651000,0.09932513066666666,0.13554572799999998
6651389,0.09907973866666667,0.13555712533333333
6651778,0.09887013066666667,0.13556306666666668
6652167,0.09858960266666666,0.13554039466666667
6652555,0.09844979466666666,0.13557675733333333
6652944,0.09814605066666666,0.135633312
6653333,0.09795477333333333,0.13572345066666663
6653722,0.09769313599999999,0.13571778666666665
6654111,0.097437936,0.1357852053333333
6654500,0.09732710666666666,0.1358557013333333
6654889,0.09701917599999998,0.13579962133333331
6655278,0.09683946133333332,0.13585119999999998
6655667,0.09655351466666667,0.13580388266666665
6656055,0.096351568,0.1358305973333333
6656444,0.09614249866666666,0.13586596266666667
6656833,0.095861728,0.13598829866666665
6657222,0.09568213866666665,0.13604483199999998
6657611,0.09542490399999999,0.13606610666666666
6658000,0.095240248,0.13614111466666667
6658389,0.09501405599999999,0.136152368
6658778,0.09477851999999999,0.13614375466666664
6659167,0.09457340533333333,0.13615127466666666
6659555,0.09424728,0.136114608
6659944,0.09414092266666665,0.1361964853333333
6660333,0.09386707733333334,0.13627301333333333
6660722,0.09363714133333334,0.13634831466666666
6661111,0.09338469866666667,0.136392992
6661500,0.09311908533333332,0.13643681066666669
6661889,0.09286648266666667,0.13645084266666666
6662278,0.09275264533333333,0.13652199466666665
6662667,0.09250372533333334,0.13659166933333333
6663055,0.09222213066666665,0.13657830933333331
6663444,0.09197602399999999,0.13659371199999998
6663833,0.09179058666666665,0.13659102933333334
6664222,0.09160724266666666,0.13665805866666664
6664611,0.09133672533333333,0.13673351466666664
6665000,0.09105227466666667,0.13681099733333332
6665389,0.09080122399999999,0.13679712533333332
6665778,0.09063846933333333,0.13686684266666665
6666167,0.09046666399999999,0.13693406933333332
6666555,0.09018890399999999,0.13697410666666668
6666944,0.08998846933333333,0.13697278400000001
6667333,0.08971845866666667,0.13696350399999999
6667722,0.08955502666666666,0.13702108266666668
6668111,0.08930985866666666,0.13706514666666667
6668500,0.08905376799999999,0.1371952853333333
6668889,0.08879937333333333,0.1372300373333333
6669278,0.08857613599999999,0.13723830399999998
6669667,0.08843877866666666,0.13730868799999998
6670055,0.08818175466666667,0.13737496
6670444,0.08792178133333331,0.1373760373333333
6670833,0.08765824,0.13738305066666667
6671222,0.08746716533333332,0.137454064
6671611,0.08729057333333334,0.13748261333333334
6672000,0.087031368,0.137582448
6672389,0.086770376,0.13763359999999997
6672778,0.08652055733333333,0.13764741866666666
6673167,0.086353784,0.1377092533333333
6673555,0.08617614666666668,0.13779794666666667
6673944,0.08589404533333334,0.13782188266666667
6674333,0.08566833333333332,0.13785556266666665
6674722,0.08539214666666667,0.1378206293333333
6675111,0.08524191733333332,0.1378941973333333
6675500,0.08502332266666668,0.13795975466666666
6675889,0.08474434666666666,0.13808701866666664
6676278,0.08453002933333333,0.13811130133333333
6676667,0.08426653866666667,0.13812451733333334
6677055,0.08414214133333332,0.13820732800000002
6677444,0.08390813066666666,0.13829405866666666
6677833,0.083644832,0.13829231466666664
6678222,0.08332196533333333,0.138301184
6678611,0.08317757866666665,0.13833536533333332
6679000,0.083005632,0.138413664
6679389,0.08275446933333333,0.13848914133333334
6679778,0.08247458133333332,0.13856029866666664
6680167,0.08223317066666666,0.138612768
6680556,0.08205340266666666,0.13862355733333334
6680944,0.08189437066666666,0.13872539733333333
6681333,0.08161830666666667,0.13876470933333335
6681722,0.08138036533333333,0.13883070933333333
6682111,0.08109961866666666,0.13883378133333332
6682500,0.08097876,0.13887403199999998
6682889,0.080750512,0.13894132799999998
6683278,0.08047608799999999,0.13906290133333332
6683667,0.08024917066666666,0.13910300266666667
6684056,0.07998417333333332,0.13914307733333334
6684444,0.07984718399999999,0.13921007466666668
6684833,0.07963500266666666,0.13929496533333333
6685222,0.07935268266666665,0.13933618666666664
6685611,0.07909038933333333,0.13934563733333333
6686000,0.07887180799999999,0.13940071466666665
6686389,0.078734176,0.13944147199999996
6686778,0.07849314666666667,0.13953657066666666
6687167,0.07821705600000001,0.13965320533333334
6687556,0.07794930933333333,0.13971528
6687944,0.07775795466666666,0.13974856
6688333,0.077612192,0.13981976
6688722,0.07734530666666667,0.13986610666666666
6689111,0.07713117333333333,0.13988169066666667
6689500,0.07681085333333333,0.13996510399999998
6689889,0.076651056,0.13998712
6690278,0.076478848,0.14002459199999998
6690667,0.07622041066666665,0.14019133333333333
6691056,0.07595443999999998,0.14024873066666665
6691444,0.075723536,0.14029207466666666
6691833,0.07558340799999999,0.14035194666666667
6692222,0.07537090133333332,0.14045925866666664
6692611,0.07508922133333333,0.14049062933333334
6693000,0.07482617333333333,0.14052450666666666
6693389,0.07460076,0.14054582399999999
6693778,0.07447836266666666,0.14063034133333333
6694167,0.07423566666666666,0.14070626133333333
6694556,0.07396652,0.14082076799999999
6694944,0.07366141866666666,0.14090517333333333
6695333,0.07348439199999998,0.14093154133333335
6695722,0.07334512533333333,0.14102186133333333
6696111,0.07309932799999999,0.14109458133333333
6696500,0.07284078133333333,0.14109117333333332
6696889,0.07258960533333333,0.14113235733333332
6697278,0.07240218933333332,0.14117313066666665
6697667,0.07221684,0.14127567466666663
6698056,0.07194788,0.14144407466666667
6698444,0.07168869866666666,0.14150411733333332
6698833,0.07145222933333333,0.14156670933333332
6699222,0.07128620266666666,0.141640896
6699611,0.07110823733333332,0.14172414933333333
6700000,0.07083940533333333,0.14177233066666667
6700389,0.07058662666666667,0.141880592
6700778,0.07033194666666667,0.14189012266666667
6701167,0.07020706933333333,0.14195255466666667
6701556,0.06997705866666666,0.1419875413333333
6701944,0.06976641866666666,0.142063888
6702333,0.06950882666666666,0.1421312
6702722,0.06926743466666666,0.14219322666666667
6703111,0.06911256,0.14227196266666667
6703500,0.06887363999999999,0.14241334933333333
6703889,0.06865851466666667,0.14252237866666667
6704278,0.06839526133333333,0.14254627733333333
6704667,0.06819719199999999,0.142632512
6705056,0.06799071466666667,0.14265868799999998
6705444,0.06777079999999999,0.14269597866666667
6705833,0.06757823466666665,0.142797232
6706222,0.06724722933333332,0.142855184
6706611,0.06712978266666667,0.14293871466666666
6707000,0.06688626266666667,0.14304783999999998
6707389,0.06667556133333333,0.14318584533333334
6707778,0.06643794533333333,0.14325575466666665
6708167,0.066168388,0.14329457066666665
6708556,0.06600299733333333,0.14332473599999998
6708944,0.065784412,0.14340862933333332
6709333,0.065587268,0.14347587733333333
6709722,0.06532136666666667,0.14354889599999998
6710111,0.06505394399999999,0.14362058133333333
6710500,0.064900496,0.143686304
6710889,0.06468697733333333,0.14383980266666666
6711278,0.06448754666666667,0.143953072
6711667,0.06421372533333333,0.14401283199999998
6712056,0.06399574266666666,0.144085296
6712444,0.06382136666666666,0.144124384
6712833,0.063598012,0.1441571093333333
6713222,0.06339494399999998,0.144268576
6713611,0.06310708533333333,0.144328352
6714000,0.06292726933333333,0.14444029333333333
6714389,0.062687352,0.14451728
6714778,0.062509396,0.144681488
6715167,0.06224487066666666,0.14477276266666664
6715556,0.061987954666666664,0.14481727466666666
6715944,0.061831078666666664,0.14488373866666665
6716333,0.06159182666666666,0.144921424
6716722,0.06139077999999999,0.14502119466666666
6717111,0.06112495999999999,0.1451228853333333
6717500,0.06092246533333333,0.145216272
6717889,0.060722304000000005,0.145244336
6718278,0.060498990666666655,0.14541740266666664
6718667,0.060331729333333334,0.145550944
6719056,0.06007430666666667,0.145564496
6719445,0.059847092,0.14568196266666666
6719833,0.05963278666666666,0.14570799466666665
6720222,0.059440553333333326,0.14578737066666664
6720611,0.05922626,0.1458714773333333
6721000,0.05894138933333333,0.14597648
6721389,0.058759943999999995,0.14606943466666666
6721778,0.058531158666666666,0.146144512
6722167,0.05834211733333333,0.14632341866666665
6722556,0.058128570666666664,0.14641121066666665
6722945,0.057857691999999995,0.146436544
6723333,0.057688258666666666,0.1465131733333333
6723722,0.05746577866666667,0.14658332266666665
6724111,0.05727048,0.14665992
6724500,0.057032256,0.14677337599999998
6724889,0.056801865333333326,0.146841952
6725278,0.056603145333333334,0.14693630933333332
6725667,0.05640461733333333,0.14709750933333332
6726056,0.05620862533333333,0.14722982933333334
6726445,0.05593140533333333,0.14727578133333333
6726833,0.055723534666666664,0.147381904
6727222,0.05554520666666666,0.14739995733333333
6727611,0.05534872266666666,0.147471472
6728000,0.05514763066666667,0.14759203733333331
6728389,0.054853992,0.14768208533333332
6728778,0.054658124,0.14774523733333333
6729167,0.05446662,0.14784492266666666
6729556,0.054263679999999995,0.1480428213333333
6729945,0.054068238666666664,0.14814252266666667
6730333,0.05379810533333333,0.14820145066666665
6730722,0.05361314933333333,0.14825320533333333
6731111,0.05343386933333333,0.148323824
6731500,0.053226649333333334,0.14839805866666667
6731889,0.052948310666666665,0.14850712533333332
6732278,0.05272563066666666,0.14858738666666665
6732667,0.05257167066666666,0.14867598399999998
6733056,0.052345515999999995,0.14885761599999997
6733445,0.05216169333333333,0.148996896
6733833,0.051887683999999996,0.149046528
6734222,0.051665048,0.14914296
6734611,0.05151549066666666,0.14917479466666667
6735000,0.051295414666666664,0.14925509866666667
6735389,0.05110580000000001,0.149367696
6735778,0.050829233333333335,0.14947744533333332
6736167,0.05063582666666666,0.14959633066666667
6736556,0.050409452,0.149664944
6736945,0.05024719466666666,0.149850512
6737333,0.05002647333333333,0.14995334933333332
6737722,0.04976701333333333,0.15003684799999997
6738111,0.049616692,0.15009835733333332
6738500,0.04939007333333334,0.15017569066666667
6738889,0.049192088,0.15023795733333334
6739278,0.048952682666666664,0.15033058133333332
6739667,0.048736149333333326,0.15040110933333334
6740056,0.04852198666666666,0.15056370133333333
6740445,0.048301276000000004,0.15068078399999998
6740833,0.04807914133333333,0.1507844373333333
6741222,0.04793003333333333,0.150934656
6741611,0.04768707333333333,0.15105313066666667
6742000,0.04748141066666667,0.1511513173333333
6742389,0.04727528266666667,0.15121965333333331
6742778,0.047041170666666667,0.15126530133333332
6743167,0.04688439866666667,0.151361408
6743556,0.04665421333333333,0.15144238933333334
6743945,0.046427201333333334,0.15158433066666666
6744333,0.046229289333333326,0.1516768533333333
6744722,0.04601221333333333,0.15189085866666666
6745111,0.04583883333333333,0.15200308266666665
6745500,0.045585496,0.1521013333333333
6745889,0.045380332,0.15218791466666665
6746278,0.04519928666666667,0.15228322666666666
6746667,0.044971302666666664,0.15232735466666664
6747056,0.044780539999999994,0.15239497066666666
6747445,0.04454446133333333,0.152567072
6747833,0.044312906666666665,0.15264197333333332
6748222,0.044124656,0.15280521066666666
6748611,0.043934765333333334,0.15293502399999997
6749000,0.04372929466666667,0.153070416
6749389,0.04351290933333333,0.15315709333333333
6749778,0.043317996000000004,0.15323236266666668
6750167,0.043102625333333325,0.153308656
6750556,0.04294086133333334,0.15340376
6750945,0.04267600666666666,0.15348263466666667
6751333,0.042511672,0.15363977066666668
6751722,0.04227473866666666,0.1537470933333333
6752111,0.04206574533333333,0.15391764266666666
6752500,0.04192767866666667,0.15405441066666667
6752889,0.04169593866666667,0.1541778453333333
6753278,0.04147645866666667,0.154240752
6753667,0.04128713866666667,0.154304304
6754056,0.041091946666666664,0.15439278933333334
6754445,0.04086224533333333,0.154478032
6754833,0.040698917333333334,0.15462466133333333
6755222,0.04043347866666666,0.1547247253333333
6755611,0.04024725466666666,0.15489371200000002
6756000,0.04005786933333333,0.15507651733333333
6756389,0.039872132000000005,0.15515933866666665
6756778,0.03963607733333333,0.15528956266666666
6757167,0.03945382933333333,0.155338224
6757556,0.03923964133333333,0.15541708799999998
6757945,0.03907498799999999,0.15553874133333334
6758334,0.03882606133333333,0.15559464533333334
6758722,0.038647473333333335,0.15576990400000001
6759111,0.03841699866666666,0.155896528
6759500,0.038240168,0.156019744
6759889,0.038088694666666666,0.15619805866666664
6760278,0.037842552,0.1563229173333333
6760667,0.037666321333333336,0.15639950399999997
6761056,0.037475381333333335,0.15648813866666667
6761445,0.037248835999999994,0.15654913599999998
6761834,0.03705234666666666,0.15662329066666666
6762222,0.03685151466666667,0.15678300266666667
6762611,0.036599349333333336,0.15691956799999998
6763000,0.036451736,0.15706850666666666
6763389,0.036253179999999996,0.15724605333333333
6763778,0.036055564,0.15734875733333334
6764167,0.03585493199999999,0.15748698666666666
6764556,0.035687888,0.15755466133333335
6764945,0.03543497999999999,0.15761474666666667
6765334,0.03528640933333333,0.157733328
6765722,0.035018636,0.15783476266666666
6766111,0.03485672666666666,0.15798201066666667
6766500,0.034662066666666665,0.15812535466666666
6766889,0.03445124,0.15827996266666666
6767278,0.034308101333333334,0.15841789333333334
6767667,0.034047216,0.15857028266666667
6768056,0.03388020133333333,0.158653408
6768445,0.03368242533333333,0.15875043733333333
6768834,0.033466894,0.158852944
6769222,0.03327619533333333,0.1588981333333333
6769611,0.03305940933333333,0.15909578666666666
6770000,0.03287045933333333,0.159208448
6770389,0.032697024,0.15938744533333332
6770778,0.03250757133333333,0.15954580266666665
6771167,0.032296694,0.15968402133333331
6771556,0.032077154,0.15979016533333332
6771945,0.03191763933333333,0.159856944
6772334,0.031654362,0.15995557866666665
6772722,0.03152934066666667,0.16007864
6773111,0.03129518466666666,0.16019275733333332
6773500,0.031109272,0.160323312
6773889,0.030900272666666666,0.16049325333333334
6774278,0.03068695133333333,0.160632624
6774667,0.030562960666666666,0.160805824
6775056,0.030332001999999997,0.16094277333333332
6775445,0.030151322666666664,0.161047008
6775834,0.029941922,0.161161216
6776222,0.029724330666666667,0.1612140853333333
6776611,0.029547022666666662,0.161302592
6777000,0.029346119999999996,0.16146436266666664
6777389,0.029160234666666666,0.161620912
6777778,0.028960773333333332,0.16179589866666666
6778167,0.028740048666666664,0.161884544
6778556,0.028525087333333338,0.16206263999999998
6778945,0.028417848666666665,0.16213482133333335
6779334,0.028226964,0.16231794133333333
6779722,0.028031139333333333,0.16248104
6780111,0.027758350666666667,0.16260899733333334
6780500,0.027581831333333334,0.16272792533333333
6780889,0.027444017333333334,0.16277530666666667
6781278,0.027252374,0.16291821333333334
6781667,0.027030524,0.16306869866666665
6782056,0.026828614,0.16320003733333333
6782445,0.026662092,0.16333266666666668
6782834,0.026498792,0.16345648000000002
6783222,0.02631112,0.16361527466666667
6783611,0.026101443333333335,0.16378276266666666
6784000,0.02585399733333333,0.16388379733333333
6784389,0.025764200666666667,0.16397500266666667
6784778,0.02556305266666667,0.1640900853333333
6785167,0.025359883333333333,0.1642457813333333
6785556,0.025161364,0.16438108266666665
6785945,0.024925674,0.16452029333333332
6786334,0.02479947333333333,0.164627904
6786722,0.024627602666666665,0.16481064533333334
6787111,0.024414381333333332,0.16498813866666664
6787500,0.024163024666666665,0.1651219253333333
6787889,0.024018566666666664,0.16522598400000002
6788278,0.023861238666666666,0.165274288
6788667,0.02367287133333333,0.1654291893333333
6789056,0.023474843333333332,0.16560556266666665
6789445,0.02318644933333333,0.16570052266666663
6789834,0.023083104666666663,0.16586464533333334
6790222,0.022909083999999996,0.16598755199999998
6790611,0.022710884666666667,0.166177984
6791000,0.022541176,0.16633561600000002
6791389,0.022290766666666663,0.16648167999999997
6791778,0.022173626000000002,0.16654863466666667
6792167,0.021990964,0.16664740266666667
6792556,0.021807942666666663,0.166818512
6792945,0.021572592,0.16697788266666663
6793334,0.021381363333333334,0.16708936533333332
6793722,0.021254045333333332,0.167202352
6794111,0.021073474,0.16740095466666666
6794500,0.020875040666666667,0.16758456
6794889,0.020630877333333332,0.16768762133333331
6795278,0.020499153333333332,0.167813888
6795667,0.020304381333333333,0.16787692266666665
6796056,0.02013127533333333,0.16805036266666665
6796445,0.019950097333333333,0.16822298666666669
6796834,0.019716372666666666,0.16834333866666665
6797223,0.019587447999999997,0.1685106826666667
6797611,0.019410155999999998,0.16863728
6798000,0.019236960666666667,0.16880871466666664
6798389,0.019025563333333332,0.1689896
6798778,0.018781569999999997,0.16912618133333335
6799167,0.018671491333333335,0.16923264533333332
6799556,0.018484835999999998,0.16931842133333333
6799945,0.018316764,0.16948243733333335
6800334,0.018070752666666665,0.169649296
6800723,0.017869665333333333,0.16979538133333333
6801111,0.017757145333333335,0.169904304
6801500,0.01758589933333333,0.17009290666666665
6801889,0.017419709999999998,0.17030072533333332
6802278,0.01716905133333333,0.17041205866666667
6802667,0.016997302666666665,0.17056132266666668
6803056,0.016861038666666665,0.17061701333333334
6803445,0.016676642,0.17076593066666668
6803834,0.016466222,0.17094634133333333
6804223,0.016217874666666666,0.17109348266666663
6804611,0.016101956666666667,0.171255376
6805000,0.015967654666666664,0.17138395733333334
6805389,0.015767422666666666,0.171559296
6805778,0.015577224666666667,0.17171513066666666
6806167,0.015341539333333334,0.171878288
6806556,0.015249783999999999,0.17199598933333332
6806945,0.015055546,0.17207280533333336
6807334,0.014887376666666667,0.17223991466666666
6807723,0.014656700666666665,0.172441376
6808111,0.014443578666666665,0.17256251733333333
6808500,0.014349632666666667,0.17269426133333332
6808889,0.014189872,0.17289453866666665
6809278,0.014038308000000001,0.173068848
6809667,0.013808850666666666,0.17320944
6810056,0.013571938666666667,0.17336834666666667
6810445,0.013473816,0.17342252266666663
6810834,0.013283828,0.17357673066666668
6811223,0.013103574,0.17376037866666666
6811611,0.012859367333333331,0.1739289333333333
6812000,0.012720401333333332,0.174060848
6812389,0.012597552,0.17420264
6812778,0.012418777333333334,0.174382976
6813167,0.012235296666666666,0.17457861866666663
6813556,0.012021526,0.17471383466666668
6813945,0.011894784666666667,0.17484609066666668
6814334,0.011712382666666667,0.17490446399999998
6814723,0.011557751333333333,0.1750705813333333
6815111,0.011378032666666666,0.17525291199999998
6815500,0.011098582,0.17543425599999998
6815889,0.011038906666666667,0.17553958400000003
6816278,0.010877178666666668,0.17571536533333332
6816667,0.010708691333333334,0.17591434133333334
6817056,0.010521174666666664,0.176063632
6817445,0.010289537333333333,0.17620592533333335
6817834,0.010208437333333334,0.17632319999999996
6818223,0.010021793333333334,0.17646948799999998
6818611,0.009838735333333333,0.17662321066666667
6819000,0.009646654,0.17677546133333333
6819389,0.009479756666666665,0.17692069866666665
6819778,0.009299719333333333,0.1770092
6820167,0.009150760666666667,0.17725588799999997
6820556,0.009009350666666666,0.17744106666666665
6820945,0.008757218666666667,0.1776138293333333
6821334,0.008695153333333332,0.1777874293333333
6821723,0.008496192,0.1779033173333333
6822111,0.008288844333333333,0.17802017599999997
6822500,0.008109995666666668,0.17820364266666666
6822889,0.007906046333333333,0.178370352
6823278,0.007815337333333333,0.17845319466666665
6823667,0.007608155333333333,0.17857707199999998
6824056,0.0074604676666666665,0.178853968
6824445,0.0072556389999999995,0.17902099733333335
6824834,0.007090792333333333,0.17919490133333332
6825223,0.006948282333333333,0.17931454399999996
6825611,0.006804977,0.17945777066666668
6826000,0.006627597666666666,0.17961570133333332
6826389,0.006404373666666666,0.17974239466666667
6826778,0.006207911,0.179880144
6827167,0.006087959,0.18002697599999998
6827556,0.005954301666666666,0.18022640533333334
6827945,0.005788613666666666,0.18046284799999995
6828334,0.005547509999999999,0.18062829333333333
6828723,0.005452576333333334,0.18078816
6829111,0.005308795666666666,0.18091785066666669
6829500,0.005090468666666667,0.18102667733333333
6829889,0.004954354666666666,0.18119061333333333
6830278,0.004709097,0.181382208
6830667,0.00460764,0.18148116799999997
6831056,0.004422509,0.18162389866666664
6831445,0.004308504333333333,0.18186948799999997
6831834,0.004133980666666666,0.1820833706666667
6832223,0.003924095666666666,0.18226589333333335
6832611,0.0038372846666666666,0.182358304
6833000,0.003660723333333333,0.18252188799999997
6833389,0.003515234,0.18265467733333332
6833778,0.003308308333333333,0.18286014933333333
6834167,0.0031100633333333333,0.18295741333333332
6834556,0.0029781686666666665,0.18306351466666665
6834945,0.0028366216666666664,0.18326864
6835334,0.002634573,0.18352926399999997
6835723,0.0025005976666666666,0.18369761066666662
6836112,0.002330507,0.18386757866666664
6836500,0.0022327633333333336,0.183982432
6836889,0.0020188579999999997,0.18409408533333332
6837278,0.0018436133333333332,0.18427775466666665
6837667,0.001661417,0.18445261866666665
6838056,0.0015252673333333334,0.184575792
6838445,0.0013747766666666666,0.18471995199999997
6838834,0.001249617,0.18498709333333332
6839223,0.0010801236666666666,0.18514244799999996
6839612,0.0008593143333333333,0.185342976
6840000,0.00079609,0.1854549013333333
6840389,0.0006279046666666666,0.185624688
6840778,0.00046002533333333335,0.18576377066666666
6841167,0.0002593396666666667,0.18591228266666665
6841556,6.325433333333334e-05,0.18606656533333332
6841945,2.5959999999999977e-06,0.18625725866666668
6842334,-0.00018700566666666666,0.18636977066666663
6842723,-0.0003558313333333333,0.18662947199999996
6843112,-0.0005449606666666667,0.186853824
6843500,-0.0006694903333333333,0.18700685333333333
6843889,-0.0007491186666666665,0.18709861866666666
6844278,-0.0009616443333333334,0.18723078933333331
6844667,-0.001124257,0.1874138933333333
6845056,-0.001370208333333333,0.18758162133333334
6845445,-0.001441572,0.18774554133333332
6845834,-0.0016089866666666665,0.1878656373333333
6846223,-0.0017195706666666667,0.188115696
6846612,-0.0018498816666666666,0.18829837333333335
6847000,-0.002073585,0.1885393493333333
6847389,-0.002153383333333333,0.18863580799999996
6847778,-0.002316405666666667,0.18879917866666665
6848167,-0.0024696273333333334,0.1889392693333333
6848556,-0.0026680176666666667,0.18910430933333333
6848945,-0.002844111333333333,0.18926486933333334
6849334,-0.002954867,0.18937828266666668
6849723,-0.0031066153333333332,0.18958437333333333
6850112,-0.003250390666666666,0.189832976
6850500,-0.0034363133333333335,0.19007791466666668
6850889,-0.0035754076666666664,0.19021298666666667
6851278,-0.003686338,0.1903326773333333
6851667,-0.003861677,0.19045141866666665
6852056,-0.004024711333333333,0.19064787733333333
6852445,-0.004182200666666667,0.19084256000000002
6852834,-0.004329743666666667,0.1909371893333333
6853223,-0.004503222333333333,0.191082416
6853612,-0.0046116023333333325,0.19133500799999997
6854000,-0.004758957333333333,0.1915519893333333
6854389,-0.004935988999999999,0.19177514133333332
6854778,-0.005001846999999999,0.19186682666666666
6855167,-0.005179517,0.1920580213333333
6855556,-0.005360661333333333,0.1921781013333333
6855945,-0.005521804333333333,0.19249914133333335
6856334,-0.005646139333333332,0.1926693013333333
6856723,-0.0058141776666666665,0.19274093866666667
6857112,-0.005936738666666667,0.19287925333333333
6857500,-0.006190875,0.19303993066666664
6857889,-0.006275530333333333,0.19320911999999996
6858278,-0.006470132666666667,0.19336408
6858667,-0.006537700666666667,0.19359340266666664
6859056,-0.0066372873333333336,0.19382465066666668
6859445,-0.0068256946666666665,0.19410730666666667
6859834,-0.006915265666666667,0.194246704
6860223,-0.007102554333333334,0.19435121066666666
6860611,-0.0072800519999999995,0.19444453333333334
6861000,-0.007430345999999999,0.19457497066666665
6861389,-0.007676249666666667,0.19478234666666666
6861778,-0.007747398333333333,0.194928096
6862167,-0.007861367000000001,0.1951055413333333
6862556,-0.007966494333333332,0.1953885973333333
6862945,-0.008104796666666665,0.19559758933333332
6863334,-0.008255295333333332,0.19582597866666665
6863722,-0.008363769333333333,0.19594259199999997
6864111,-0.008522486666666666,0.19604949333333335
6864500,-0.008677032666666666,0.19617516266666662
6864889,-0.008931092666666666,0.19630224533333332
6865278,-0.009007144666666668,0.19652551466666668
6865667,-0.009188870666666666,0.19666803733333332
6866056,-0.009268817333333334,0.1968970773333333
6866445,-0.009368299333333331,0.197147424
6866834,-0.009579038,0.1974449013333333
6867222,-0.009601952666666667,0.19753445333333333
6867611,-0.009793872666666665,0.19771042666666666
6868000,-0.009981356666666667,0.1977678506666667
6868389,-0.010114086,0.19790698133333331
6868778,-0.010296642,0.19812437333333333
6869167,-0.010410295333333333,0.19823675199999996
6869556,-0.010550861999999998,0.19842666133333334
6869945,-0.010646326666666666,0.19872455466666664
6870333,-0.010750814000000001,0.1988979413333333
6870722,-0.010919236666666667,0.19917954666666665
6871111,-0.011038004666666667,0.19931622933333332
6871500,-0.011200264666666668,0.19940343466666666
6871889,-0.011314192666666667,0.19952842666666665
6872278,-0.011562660666666665,0.19969153066666667
6872667,-0.011642433333333334,0.19987087466666667
6873056,-0.011825136,0.20003648533333332
6873444,-0.011878864,0.200259184
6873833,-0.011985049333333333,0.20051152533333333
6874222,-0.012162196666666666,0.2007770133333333
6874611,-0.012235237333333333,0.2009355306666667
6875000,-0.012409186666666665,0.20108361600000002
6875389,-0.012581346,0.20114773866666663
6875778,-0.012697931999999999,0.20129818133333333
6876167,-0.012931157333333334,0.20153340266666667
6876556,-0.013002396666666666,0.20166409066666668
6876944,-0.01314662733333333,0.20184159466666665
6877333,-0.013212774666666666,0.20213917866666667
6877722,-0.013374239999999999,0.20235888000000002
6878111,-0.013510828666666665,0.202578944
6878500,-0.013587329333333332,0.20277413333333333
6878889,-0.013712725999999998,0.20283568533333332
6879278,-0.013892406666666666,0.202983456
6879667,-0.014104956666666668,0.2031299573333333
6880055,-0.014213569999999998,0.20333580266666665
6880444,-0.014352969333333333,0.20350890666666666
6880833,-0.014434202666666666,0.20372173333333332
6881222,-0.014515757333333332,0.20398355733333332
6881611,-0.01469554,0.20425084266666663
6882000,-0.014731037999999998,0.204436656
6882389,-0.014942494666666667,0.204568784
6882778,-0.01509822333333333,0.20463178133333332
6883166,-0.015221921999999999,0.204811664
6883555,-0.015419457999999999,0.20500583466666666
6883944,-0.015493849333333332,0.2051603893333333
6884333,-0.015647854666666666,0.20535547199999998
6884722,-0.015717504,0.20563047466666665
6885111,-0.015832339333333334,0.20583151466666666
6885500,-0.015955704,0.20615683199999996
6885889,-0.016068656,0.20623652799999997
6886278,-0.016215560666666663,0.20632561066666666
6886666,-0.016351083333333332,0.20647576533333334
6887055,-0.016553854,0.20663741866666666
6887444,-0.016670240666666666,0.20683727466666668
6887833,-0.016821114666666664,0.20701889599999995
6888222,-0.016897292666666664,0.20720239466666668
6888611,-0.016989782666666665,0.20749247999999998
6889000,-0.017111216,0.20775123733333328
6889389,-0.01717225,0.20795842133333334
6889777,-0.017337472,0.20809183999999997
6890166,-0.017513828666666665,0.20812904533333332
6890555,-0.017636852666666664,0.208284336
6890944,-0.017837844,0.20851998399999996
6891333,-0.01789756333333333,0.208657008
6891722,-0.01802758,0.20885511999999998
6892111,-0.018107580666666664,0.20912999466666665
6892500,-0.018185684666666663,0.20934934933333332
6892888,-0.018357534,0.20964419199999998
6893277,-0.01843767933333333,0.20976528533333333
6893666,-0.018581140666666666,0.20988140266666666
6894055,-0.018732294666666666,0.21000454933333335
6894444,-0.018935415333333334,0.21012618133333333
6894833,-0.018990065333333334,0.2104082453333333
6895222,-0.019146336,0.21059749333333333
6895611,-0.019222218,0.21072305066666666
6896000,-0.01936584,0.21091738666666665
6896388,-0.01944328533333333,0.211226752
6896777,-0.019572041999999998,0.21145298666666668
6897166,-0.019735511999999997,0.21165336533333334
6897555,-0.019768753333333333,0.211736976
6897944,-0.019919719333333332,0.21193573866666665
6898333,-0.020051183333333333,0.21209599466666665
6898722,-0.020207325333333335,0.21230945066666665
6899111,-0.020319823333333334,0.21249279999999998
6899500,-0.020452824666666664,0.212606048
6899888,-0.020534492666666668,0.21283399466666666
6900277,-0.020649214666666665,0.21308946666666664
6900666,-0.020774932,0.21333363200000002
6901055,-0.020820088666666667,0.21347628266666666
6901444,-0.020953972,0.21364328
6901833,-0.021153614666666667,0.21380694933333333
6902222,-0.021258714,0.214012416
6902611,-0.021367039999999997,0.21418948266666665
6903000,-0.021445567333333332,0.21431114133333332
6903388,-0.021618667999999997,0.21449302399999998
6903777,-0.021690398666666666,0.21480493866666667
6904166,-0.021791810666666665,0.2150015733333333
6904555,-0.021874868,0.215243776
6904944,-0.021992952666666666,0.215341264
6905333,-0.02212499,0.21553100266666664
6905722,-0.022290803333333335,0.2157200053333333
6906111,-0.022411306666666665,0.2159372533333333
6906500,-0.022537073999999997,0.2160821653333333
6906888,-0.02265376933333333,0.2162128853333333
6907277,-0.022734910666666663,0.21646030933333332
6907666,-0.022833562,0.21675357866666667
6908055,-0.022973358666666666,0.21698484799999998
6908444,-0.02301781933333333,0.21712093866666665
6908833,-0.023134699999999998,0.21728575466666666
6909222,-0.023332492666666666,0.21743274133333335
6909611,-0.023437779333333332,0.21767591999999997
6910000,-0.023539305333333333,0.21783762666666664
6910388,-0.02362477266666666,0.21796058133333332
6910777,-0.023780967333333333,0.21814636799999998
6911166,-0.023870881333333333,0.21844473599999997
6911555,-0.023971684,0.218673248
6911944,-0.024039069333333333,0.21890741866666666
6912333,-0.024134700666666665,0.21898426666666665
6912722,-0.024263256666666667,0.2192076533333333
6913111,-0.02439019,0.21938386133333335
6913500,-0.024539962,0.21959973333333332
6913889,-0.024642927999999998,0.2197463413333333
6914277,-0.024743275999999998,0.21988162666666666
6914666,-0.02484010266666667,0.22011367466666665
6915055,-0.02491347,0.2204088693333333
6915444,-0.025026456000000002,0.22067107733333335
6915833,-0.025113562,0.22080505066666667
6916222,-0.02522838733333333,0.22096766933333334
6916611,-0.025393841333333333,0.22114331199999998
6917000,-0.025507704666666665,0.22133964266666664
6917389,-0.025608528666666665,0.22152677866666665
6917777,-0.02565106266666667,0.22169589333333334
6918166,-0.025830800666666667,0.221848832
6918555,-0.025914068666666668,0.2221352533333333
6918944,-0.025986674666666668,0.22237613866666664
6919333,-0.026103902666666665,0.22262438933333334
6919722,-0.026151103999999998,0.2226934293333333
6920111,-0.026281256000000003,0.22290432
6920500,-0.026439946666666665,0.22308250133333332
6920889,-0.02655269133333333,0.22331412799999997
6921277,-0.026665773999999996,0.22347197866666663
6921666,-0.026756491333333333,0.22359005333333332
6922055,-0.026868707999999998,0.22384922666666665
6922444,-0.026928744666666664,0.22412352533333335
6922833,-0.027038148666666668,0.22433538133333333
6923222,-0.027101789333333334,0.22451140800000002
6923611,-0.027209434666666664,0.22466687466666668
6924000,-0.027362102666666666,0.22483214933333331
6924389,-0.027499794,0.22505260266666666
6924777,-0.027581139999999997,0.2252705333333333
6925166,-0.02762622533333333,0.22535187733333334
6925555,-0.027808257999999995,0.22553784533333332
6925944,-0.027852263999999995,0.225840192
6926333,-0.027942752666666668,0.22613333333333333
6926722,-0.028033020666666665,0.22629061333333333
6927111,-0.028089489333333332,0.22641049066666666
6927500,-0.02821556733333333,0.22664739199999998
6927889,-0.028342490666666664,0.226823408
6928277,-0.028420369333333334,0.22706232533333331
6928666,-0.02858635533333333,0.2271926453333333
6929055,-0.028696761333333327,0.227323408
6929444,-0.028775210666666665,0.22754949866666666
6929833,-0.028833346666666666,0.22788067733333334
6930222,-0.028949762666666663,0.22807877866666665
6930611,-0.028983225333333335,0.22827445866666665
6931000,-0.029098983999999998,0.228438064
6931389,-0.029258226666666668,0.2286019893333333
6931777,-0.029306261333333333,0.22881032
6932166,-0.029445282666666663,0.22900468799999998
6932555,-0.02949769533333333,0.22912204799999997
6932944,-0.029661082666666665,0.22932800533333333
6933333,-0.029716199333333332,0.22962139733333334
6933722,-0.029869182,0.22984794666666666
6934111,-0.029854579333333332,0.23000099200000002
6934500,-0.02998970533333333,0.23020980799999996
6934889,-0.030024930666666665,0.23045012266666665
6935277,-0.030156238666666668,0.23062411200000002
6935666,-0.030268024666666664,0.23079381866666665
6936055,-0.030396275333333334,0.23092079999999998
6936444,-0.030543156666666668,0.23119682133333333
6936833,-0.030522798666666663,0.23133307199999997
6937222,-0.030678012666666664,0.2316299626666667
6937611,-0.030667978,0.23179249066666666
6938000,-0.030819271333333332,0.23201811733333333
6938389,-0.030933982666666665,0.23228247466666666
6938777,-0.03096808733333333,0.23239424533333333
6939166,-0.031117161999999997,0.2326445333333333
6939555,-0.031176103333333333,0.23273332266666663
6939944,-0.03131880333333333,0.23292373333333333
6940333,-0.031435048,0.23319807999999997
6940722,-0.03149154133333333,0.233341696
6941111,-0.03157639866666666,0.23365456
6941500,-0.03159053333333333,0.2337914773333333
6941889,-0.031739677333333334,0.2340221013333333
6942277,-0.031772211333333335,0.23426326933333333
6942666,-0.031888867333333334,0.23444900799999996
6943055,-0.03204623399999999,0.234600752
6943444,-0.032107946,0.23474014933333331
6943833,-0.03224469333333333,0.234991728
6944222,-0.032253722666666665,0.23516010133333332
6944611,-0.03236716466666666,0.23543818133333333
6945000,-0.03240538266666666,0.235601376
6945389,-0.03247439466666666,0.23581048533333332
6945777,-0.03262863133333333,0.23607114666666665
6946166,-0.032646459999999995,0.23621164266666664
6946555,-0.03278464133333333,0.23647326933333335
6946944,-0.032857422,0.23654985066666667
6947333,-0.032988769333333334,0.23671132266666664
6947722,-0.033059946,0.23701169066666664
6948111,-0.03311704866666666,0.23715450133333332
6948500,-0.033219996,0.237493536
6948889,-0.033249334666666665,0.23762185066666666
6949277,-0.03339483533333333,0.23781895999999997
6949666,-0.033421558,0.23806373333333333
6950055,-0.033509635999999995,0.238245152
6950444,-0.03365142,0.2384477493333333
6950833,-0.033710624,0.23857246933333331
6951222,-0.0338614,0.23878698666666667
6951611,-0.03388445866666666,0.239033584
6952000,-0.03398812533333333,0.23924400533333334
6952389,-0.03400945733333333,0.23939883733333334
6952778,-0.034092444,0.239614608
6953166,-0.034180712,0.239872288
6953555,-0.034245371999999996,0.24005203199999997
6953944,-0.03435667333333334,0.24032336
6954333,-0.03444026533333334,0.24038547733333332
6954722,-0.034562091999999996,0.240570528
6955111,-0.03465312266666667,0.240819056
6955500,-0.034728171999999995,0.24099373333333332
6955889,-0.034823688,0.24127107199999998
6956278,-0.03479244399999999,0.24145586666666669
6956666,-0.03492154533333333,0.24167493333333334
6957055,-0.03492112133333333,0.24194561599999997
6957444,-0.03507102266666666,0.24207778666666663
6957833,-0.03517744933333333,0.24230087999999997
6958222,-0.035253410666666665,0.24240797333333333
6958611,-0.035381355999999996,0.2426367093333333
6959000,-0.03539999333333333,0.24285987199999998
6959389,-0.03551119466666666,0.24311611199999997
6959778,-0.035550156,0.2432713866666667
6960166,-0.035596716,0.24347082133333334
6960555,-0.035718829333333334,0.24376202666666663
6960944,-0.03571392933333334,0.243896464
6961333,-0.03584229466666666,0.24416491733333334
6961722,-0.03591048933333333,0.244234384
6962111,-0.03600688533333333,0.24446058666666665
6962500,-0.03612995733333333,0.244709024
6962889,-0.03615768266666666,0.24488018133333334
6963278,-0.036208824,0.24519724266666668
6963666,-0.03624795333333333,0.2453145973333333
6964055,-0.03633688933333333,0.24553364266666666
6964444,-0.03640806666666666,0.24585200533333332
6964833,-0.036487664,0.24592737066666664
6965222,-0.036582581333333336,0.2461672213333333
6965611,-0.036662816,0.246274736
6966000,-0.036814226666666665,0.24650307733333332
6966389,-0.03682400133333333,0.24673288
6966778,-0.03692383733333333,0.24695291733333335
6967166,-0.036914972,0.24718710933333332
6967555,-0.036984902666666666,0.247368896
6967944,-0.037059567999999994,0.2476478933333333
6968333,-0.037088312,0.24779053866666667
6968722,-0.037202099999999995,0.24802935466666667
6969111,-0.03730772266666667,0.24813194133333333
6969500,-0.03737787599999999,0.24832958933333332
6969889,-0.037494943999999995,0.24860017066666665
6970278,-0.03754124133333333,0.24876346133333332
6970666,-0.03758427466666667,0.249038432
6971055,-0.03762716399999999,0.24917270933333335
6971444,-0.037731101333333336,0.2494363573333333
6971833,-0.037741388,0.24971857599999997
6972222,-0.03782739466666666,0.24982210666666665
6972611,-0.03791181333333333,0.2500250773333333
6973000,-0.03799829066666666,0.25024879466666666
6973389,-0.038079744,0.250364144
6973778,-0.03820664,0.25058980799999997
6974166,-0.038202653333333336,0.250818192
6974555,-0.03832252666666667,0.25108195199999994
6974944,-0.03834880933333333,0.25126182399999997
6975333,-0.03837401333333333,0.2514637013333333
6975722,-0.03845238933333334,0.25174067199999994
6976111,-0.03845658666666666,0.25187808533333333
6976500,-0.038595097333333335,0.25211834133333333
6976889,-0.038676713333333335,0.2522489493333333
6977278,-0.03876100133333333,0.2524305813333333
6977666,-0.038809472,0.25265346133333333
6978055,-0.03891357599999999,0.25284209066666663
6978444,-0.03890842666666667,0.25310027199999996
6978833,-0.03897139066666666,0.25329720533333333
6979222,-0.039040148,0.25349949866666666
6979611,-0.03908412533333333,0.2537905333333333
6980000,-0.03919217333333333,0.25394259733333335
6980389,-0.039216971999999996,0.2541756533333333
6980778,-0.03932516533333333,0.2542584373333333
6981166,-0.03943876933333333,0.25446958399999997
6981555,-0.039409295999999996,0.254754624
6981944,-0.039495648,0.25492863466666665
6982333,-0.039519502666666664,0.25521210133333333
6982722,-0.03959798266666667,0.25535944
6983111,-0.039674972,0.2556059573333333
6983500,-0.03965490666666666,0.255828976
6983889,-0.039749136,0.2560490133333333
6984278,-0.03985135733333333,0.25613380266666663
6984666,-0.039938893333333336,0.25633961066666666
6985055,-0.040045568,0.25658654399999997
6985444,-0.04005416133333333,0.2567717173333333
6985833,-0.040093901333333334,0.257055888
6986222,-0.040143818666666664,0.25720932799999996
6986611,-0.040162447999999996,0.2574356586666666
6987000,-0.040178675999999997,0.25770744533333334
6987389,-0.040308481333333326,0.257855408
6987778,-0.040385096,0.258077968
6988166,-0.04046386,0.25821638933333335
6988555,-0.04057907733333333,0.258422336
6988944,-0.04056891333333333,0.2587056213333333
6989333,-0.040637852,0.258857536
6989722,-0.04067509333333333,0.25918411733333324
6990111,-0.04068154,0.25930016
6990500,-0.04076656133333334,0.2595805706666666
6990889,-0.04072072933333333,0.259803536
6991278,-0.04084053733333333,0.259980768
6991667,-0.040963158666666666,0.26009936
6992055,-0.041019926666666665,0.26029284799999997
6992444,-0.04114252133333333,0.26057444799999996
6992833,-0.041166816,0.26073718933333334
6993222,-0.041144393333333334,0.26102500799999995
6993611,-0.04119419866666667,0.2611435946666667
6994000,-0.04125569466666666,0.26137166399999995
6994389,-0.04127359333333333,0.26163791999999997
6994778,-0.041335607999999996,0.26181061866666666
6995167,-0.041396671999999995,0.2620631786666666
6995555,-0.04151307866666666,0.26215146133333334
6995944,-0.041615686666666665,0.26237115199999994
6996333,-0.041603998666666656,0.262668768
6996722,-0.04165495466666666,0.26280100799999995
6997111,-0.041682732,0.26308523199999995
6997500,-0.041716005333333334,0.263223232
6997889,-0.04176900533333333,0.26347965333333334
6998278,-0.04179251466666667,0.26372590933333334
6998667,-0.041877773333333326,0.2638897226666666
6999055,-0.04194927866666667,0.264048784
6999444,-0.04200837066666666,0.26421260266666663
6999833,-0.04210427866666667,0.26449133866666663
7000222,-0.04208540933333333,0.26465651733333334
7000611,-0.04211904266666667,0.26488878400000004
7001000,-0.042171092,0.265060272
7001389,-0.042181409333333336,0.2653263413333333
7001778,-0.042257948,0.2656352426666666
7002167,-0.042289742666666665,0.26575503466666667
7002555,-0.0423317,0.2659718933333333
7002944,-0.04245027866666666,0.266069168
7003333,-0.042530455999999994,0.2662535306666667
7003722,-0.04252197866666666,0.26658014933333335
7004111,-0.04261620266666666,0.2667322133333333
7004500,-0.04257548933333333,0.2669797493333333
7004889,-0.042630775999999995,0.26716111466666664
7005278,-0.04269304399999999,0.26742131199999997
7005667,-0.04263594533333333,0.2676246666666666
7006055,-0.04272579333333333,0.2678701973333333
7006444,-0.042847270666666666,0.2680017066666667
7006833,-0.042892825333333336,0.2681433653333333
7007222,-0.04295869066666667,0.268434352
7007611,-0.043012225333333334,0.268591712
7008000,-0.043004943999999996,0.268834272
7008389,-0.04305045466666666,0.26903583999999997
7008778,-0.04308437333333333,0.26924994133333335
7009167,-0.04305624,0.26956454399999996
7009555,-0.04311075466666667,0.26967551999999995
7009944,-0.04323349866666666,0.26997588266666667
7010333,-0.043291942666666666,0.270031392
7010722,-0.043381906666666664,0.27022318933333334
7011111,-0.043353270666666666,0.2705060266666666
7011500,-0.043361645333333323,0.2707325333333333
7011889,-0.04344153333333334,0.27091363199999996
7012278,-0.043480453333333335,0.27118162133333334
7012667,-0.043488596,0.27136166399999995
7013055,-0.043535830666666664,0.27160654933333334
7013444,-0.043586616,0.2717905173333333
7013833,-0.04368920799999999,0.2719236586666667
7014222,-0.043650238666666674,0.27220779733333333
7014611,-0.04367416,0.27238768
7015000,-0.043752598666666656,0.272665984
7015389,-0.04373023866666666,0.272869632
7015778,-0.043864202666666664,0.27300946133333337
7016167,-0.043883814666666666,0.2732155093333333
7016555,-0.043871339999999995,0.2734625173333333
7016944,-0.04393901866666666,0.27365756799999996
7017333,-0.04400182666666667,0.2738030933333333
7017722,-0.044034292,0.2741238933333333
7018111,-0.044097825333333326,0.274234176
7018500,-0.04406458133333333,0.274518112
7018889,-0.04410464666666667,0.27472358399999997
7019278,-0.044166456,0.27486462933333333
7019667,-0.04424143333333334,0.27514055466666665
7020055,-0.044229698666666664,0.27530699733333336
7020444,-0.044226121333333326,0.275518304
7020833,-0.04428721066666667,0.2757419413333333
7021222,-0.044363922666666666,0.27591874133333333
7021611,-0.044354887999999995,0.2761807253333333
7022000,-0.04444775066666666,0.2763689493333333
7022389,-0.04441795866666666,0.27656976
7022778,-0.044415548,0.27682394666666665
7023167,-0.044517723999999995,0.2770044586666666
7023555,-0.04451994666666666,0.27717860266666666
7023944,-0.044518844,0.2774452266666667
7024333,-0.04464092133333333,0.27764734933333335
7024722,-0.04462846666666666,0.277797152
7025111,-0.04468737466666667,0.278047296
7025500,-0.04473202,0.27823755733333333
7025889,-0.044727883999999996,0.2784446079999999
7026278,-0.044728859999999995,0.27864980266666667
7026667,-0.04481326133333333,0.27883887999999996
7027055,-0.04480599066666666,0.27913525333333333
7027444,-0.04485924533333333,0.2792899093333333
7027833,-0.044855436,0.279542464
7028222,-0.04491818,0.2796609493333333
7028611,-0.04497579466666666,0.279858272
7029000,-0.04494446933333333,0.28018305066666666
7029389,-0.045029575999999995,0.2803220053333333
7029778,-0.04503074666666666,0.2805494613333333
7030167,-0.04501006666666666,0.2807537279999999
7030556,-0.045091703999999996,0.28096595199999996
7030944,-0.045089552000000005,0.2811973013333333
7031333,-0.04514932533333333,0.2813868586666667
7031722,-0.04523281866666666,0.2815939733333333
7032111,-0.045199856,0.28179672533333333
7032500,-0.045221498666666665,0.2820094933333333
7032889,-0.04527085333333333,0.28221107199999995
7033278,-0.04528680399999999,0.28241383466666664
7033667,-0.045291066666666664,0.2826137386666666
7034056,-0.045324555999999995,0.28281071999999996
7034444,-0.0454011,0.2830125866666667
7034833,-0.04538408533333333,0.283254016
7035222,-0.045406556,0.2834847893333333
7035611,-0.045482386666666666,0.28368259199999996
7036000,-0.04550763333333333,0.2838084053333333
7036389,-0.04548308666666667,0.28409299199999993
7036778,-0.04555255466666667,0.284294016
7037167,-0.04547498,0.284546272
7037556,-0.04555287733333333,0.28474416
7037944,-0.04559336133333333,0.28489079466666667
7038333,-0.04560228266666666,0.2851823253333333
7038722,-0.04557245733333333,0.28535481599999996
7039111,-0.04565629733333333,0.2855835733333333
7039500,-0.045720479999999994,0.28574516266666666
7039889,-0.04566905733333333,0.28596992
7040278,-0.045726093333333336,0.286191296
7040667,-0.04573993333333333,0.2863917973333333
7041056,-0.045768779999999995,0.28662082133333333
7041444,-0.04579872133333333,0.28680055466666665
7041833,-0.04582114133333333,0.2870011413333333
7042222,-0.045806065333333326,0.2872418239999999
7042611,-0.045836536,0.28747123199999997
7043000,-0.04585579199999999,0.28765811199999997
7043389,-0.045926166666666664,0.2877935466666667
7043778,-0.04589056,0.28809956266666664
7044167,-0.04594527599999999,0.2882554773333333
7044556,-0.045928349333333326,0.288484576
7044944,-0.045885230666666665,0.28869287466666665
7045333,-0.04599033066666667,0.288850176
7045722,-0.04596664266666667,0.28910596266666666
7046111,-0.046001600000000004,0.2893758186666667
7046500,-0.04602062533333333,0.2895321066666666
7046889,-0.04604480533333333,0.28970665599999995
7047278,-0.046072827999999996,0.28991882666666663
7047667,-0.04610609866666666,0.2901420693333333
7048056,-0.046104728,0.29036004266666665
7048444,-0.04613611466666666,0.290557312
7048833,-0.046115609333333335,0.29074212266666666
7049222,-0.046155666666666664,0.2909564373333333
7049611,-0.046140074666666656,0.291209248
7050000,-0.046165441333333335,0.2914232106666666
